user,location,date,coordinates,content
quakeupdates,"USA, Australia, Indonesia, NZ & Japan",2019-12-17 19:21:20,,"A M4.8 earthquake has been reported by the BMKG for Mindanao, Philippines. Link: https://t.co/uvJVkmI6cM"
BrainstormBot,Italy,2019-12-17 19:17:15,,"‚ùó LINOG PASIDAAN / LINDOL BABALA / EARTHQUAKE WARNING for Mindanao, Philippines ‚Äî follow for updates (Twitter)"
EQAlerts,,2019-12-17 18:50:27,,"#Earthquake M3.2 002 km S 34¬∞ W of Kiblawan (Davao Del Sur) (Philippines) 9mins ago 17 Dec 18:41 UTC - report/i...
https://t.co/DFsuESTMwW"
nononui,,2019-12-17 18:31:59,,Powerful earthquake of magnitude 6.8 strikes near Philippines city https://t.co/eXrBeABP8i
DrStubblefield,"Orcutt, CA",2019-12-17 18:29:58,,"Watch ""12/15/2019 -- Large M6.9 (M6.8) earthquake in Philippines West Pacific -- Warned country hit"" on YouTube https://t.co/I0WlRSKWHs"
EMSC,"Bruy√®res-Le-Chatel, France",2019-12-17 18:25:59,,#Earthquake (#lindol) M3.6 strikes 39 km NE of #Koronadal (#Philippines) 12 min ago. More info: https://t.co/dwuABMzgRX
DrStubblefield,"Orcutt, CA",2019-12-17 18:25:48,,"Watch ""Electric Cables Spark As Earthquake Hits Philippines"" on YouTube https://t.co/XPARRUYIz1"
FSULutheran,"Tallahassee, FL",2019-12-17 18:06:04,,Pray with us:  For victims and families of earthquake victims in southern Philippines
DrStubblefield,"Orcutt, CA",2019-12-17 17:56:44,,"Watch ""Southern Philippines hit by 6.8 magnitude earthquake | AFP"" on YouTube https://t.co/iLyCQszbZ3"
jmacfan1,"Norman, OK",2019-12-17 17:38:46,,Fatal earthquake in the Philippines üò≥ Thank god that didn‚Äôt happen when Jesse was there
Ruthsgd35,Dayton Ohio USA,2019-12-17 17:36:16,,Crews Search for Survivors After Strong Earthquake Rocks Philippines | The Weather Channel https://t.co/qIxxxPzffb
Christisourhop1,,2019-12-17 17:35:48,,"https://t.co/YJ4dfx76Th
Major Earthquake in the Philippines. Several have died. Pray for the families."
DINAHTO16725596,,2019-12-17 17:06:54,,South Philippines earthquake: Rescuers race to find survivors #Topbuzz https://t.co/H1i217ksrE
SteveBowenWx,"Chicago, IL",2019-12-17 16:58:44,,"A M6.8 earthquake has left 10 people dead or missing, and damaged roughly 15,000 homes &amp; other structures in the‚Ä¶ https://t.co/pleiYhoY1c"
EMSC,"Bruy√®res-Le-Chatel, France",2019-12-17 16:46:11,,#Earthquake (#lindol) M3.9 strikes 29 km W of General Santos (#Philippines) 16 min ago. More info: https://t.co/Cerptw7WUk
quakeupdates,"USA, Australia, Indonesia, NZ & Japan",2019-12-17 16:41:21,,"A M4.6 earthquake has been reported by the BMKG for Mindanao, Philippines. Link: https://t.co/uvJVkmI6cM"
marieSG19,Awesome Planet Earth,2019-12-17 16:38:48,,"Bf: Did you hear about the earthquake in the Philippines? It's in Davao and Soccsksargen regions. 

Soccsksargen so‚Ä¶ https://t.co/aifTMvCffv"
NewsObservatory,Worldwide,2019-12-17 16:34:37,,The death toll from the earthquake that hit the southern Philippines increased to¬†three https://t.co/NdxfLbb5sA https://t.co/FmKLH13opS
marchee7,Bruxelles,2019-12-17 16:17:44,,#ERCC #DailyMap ECHO Daily Map of 17 December 2019 Philippines | 6.8M Earthquake of 15 December‚Ä¶ https://t.co/AzYPNVHsm7
alyasmaldito,Davao X Sto. Tomas,2019-12-17 16:17:36,,"""Nevertheless, the four temblors and their aftershocks are clearly signaling that something is going on that merits‚Ä¶ https://t.co/VzT9JUFESX"
GlobalCrisis20,"Eindhoven, the Netherlands",2019-12-17 16:13:09,,Video: South Philippines earthquake: Rescuers race to find survivors (Al Jazeera videos) https://t.co/kgVUOoHBtC
GlobalCrisis20,"Eindhoven, the Netherlands",2019-12-17 16:10:27,,South Philippines earthquake: Rescuers race to find survivors (Al Jazeera) https://t.co/RJp0fkN2iM
Anythingunpopu1,Elfiador,2019-12-17 15:58:42,,As you all know recently Super Junior members sent their prayers for the people affected by the 6.9 magnitude earth‚Ä¶ https://t.co/Bwsc9VWefu
danwibg,DC/Cape Town,2019-12-17 15:55:52,,South Philippines earthquake: Rescuers race to find survivors @AJENews  https://t.co/JnMfoVrRGp #Philippines
CopernicusEMS,European Commission,2019-12-17 15:53:19,,#ERCC #DailyMap: 2019-12-17 ‚¶ô Philippines | 6.8M Earthquake of 15 December ‚ñ∏https://t.co/Jtf87x5me2 https://t.co/0cp3Md2fUN
zufallcharlotte,,2019-12-17 15:43:45,,"Thoughts and prayers to those in the region of the PHILIPPINES affected by the recent earthquake, may rescue efforts be expeditious."
keisv,"Metro Manila, Philippines",2019-12-17 15:15:45,,Very fascinating read: Four large quakes in two months jolt southern Philippines https://t.co/RwlomEhBFH
quakeupdates,"USA, Australia, Indonesia, NZ & Japan",2019-12-17 15:11:19,,"A M4.7 earthquake has been reported by the BMKG for Mindanao, Philippines. Link: https://t.co/uvJVkmI6cM"
Ruptly,"Berlin, Germany",2019-12-17 15:05:01,,Cleanup operation ongoing as #earthquake victims sheltered in camps in #Philippines https://t.co/nNYTVQbbTJ
MiracleNinja777,United States,2019-12-17 14:47:38,,Aftershocks hamper earthquake rescue | https://t.co/dbmg8XjZky - https://t.co/GgbSAGNjLc via @philstarnews #Philippines #Earthquake
kwttoday,Kuwait,2019-12-17 14:45:00,,"Earthquake with 6.8 magnitude hits in Philippines, no tsunami threat are¬†reported https://t.co/K6tt2hwWNG"
GardaWorldC24,Worldwide,2019-12-17 14:39:38,,"Philippines: Death toll from Mindanao Earthquake rises to eight December 17 /update 3
https://t.co/5JMCebIXbB"
EMSC,"Bruy√®res-Le-Chatel, France",2019-12-17 14:31:04,,#Earthquake (#lindol) M3.5 strikes 35 km NE of #Koronadal (#Philippines) 11 min ago. More info: https://t.co/4e1plSWo3o
EQAlerts,,2019-12-17 14:30:42,,"#Earthquake M3.5 009 km S 88¬∞ W of Kiblawan (Davao Del Sur) (Philippines) 17 Dec 14:19 UTC - report/info: 
https://t.co/TeFNJIjpkc"
TheLazyM0nkey,"Amsterdam, Nederland",2019-12-17 14:21:15,,"That moment that I got worried, because there was a earthquake in the philippines... My dad's alright üò≠!"
StillettoBlade1,"Cleveland, OH",2019-12-17 13:59:07,,Philippines on alert for tropical threat following powerful earthquake https://t.co/QbZChP2cvn
nightingalern,,2019-12-17 13:14:45,,Philippines on alert for tropical threat following powerful earthquake | AccuWeather https://t.co/0brYj8Swty
rolanstore,CEBU-PHILIPPINES,2019-12-17 13:12:19,,People Rush for Cover as Earthquake Rocks Davao City in the Philippines https://t.co/b2DP8BLtSR via @yahooph #rolanstore
baba_vardaani,India,2019-12-17 12:59:03,,"Horrified big one #earthquake soon.. north Pacific ocean 

‚ö´ #Peru chili argentina Ecuador moderate earthquake/s
‚ö´‚Ä¶ https://t.co/GgrBf4ft7q"
thegreatwalllll,Joseon,2019-12-17 12:56:40,,"When Antichrist or Dajjal came out, people be like. 
""Is that the Messiah of Netflix? ""
:Pastor Quiboloy be like
""A‚Ä¶ https://t.co/9szyxSjt9Y"
_hozint,Brussels,2019-12-17 12:49:08,,"[UPDATE] 7 dead, 86 injured by magnitude 6.8 earthquake in Davao del Sur, Mindanao #philippines #naturaldisaster‚Ä¶ https://t.co/pjosFT7nve"
LucianoOlivares,,2019-12-17 12:35:19,,"#Sismo #Earthquake #PrevencionFF M 4.9 - 6km W of Kiblawan, Philippines
https://t.co/iq7wnn8dNW"
JaganasMarvin,"Davao City, Davao Region",2019-12-17 11:47:23,,THE 6.3 tulunan earthquake is the start of our journey. We still have more earthquakes to encounter but the most da‚Ä¶ https://t.co/Eu63v4enIf
OCHAPhilippines,Philippines,2019-12-17 11:22:03,,"A 6.9-magnitude earthquake in the Philippines üáµüá≠
Heavy monsoon rains in Malaysia üá≤üáæ
Armed conflict in Myanmar üá≤üá≤ an‚Ä¶ https://t.co/ZYOFIqrByP"
rajeevbhaskarht,,2019-12-17 11:10:49,,Toll from earthquake in southern Philippines rises to 8: https://t.co/whP6LuoenU
Recall369,Michigan,2019-12-17 10:51:50,,Philippines on alert for tropical threat following powerful earthquake ‚Äì https://t.co/fVOvsHEWJb https://t.co/5v8NaDOhxQ
sonia93122009,Washington DC,2019-12-17 10:44:16,,"Searchers Try to Find Earthquake Victims in Philippines - The New York Times ,https://t.co/ci3cqTjbQJ https://t.co/Un4Sh5tHVp"
Alan_Mark_,"New South Wales, Australia",2019-12-17 10:42:39,,Reminds me Duterte of the Philippines üáµüá≠ going back to sleep in his hometown after an earthquake devastated his are‚Ä¶ https://t.co/yuhsjh41m0
EMSC,"Bruy√®res-Le-Chatel, France",2019-12-17 10:31:01,,#Earthquake (#lindol) M3.5 strikes 35 km NE of #Koronadal (#Philippines) 16 min ago. More info: https://t.co/RtC4XWmZxW
OCHAAsiaPac,Bangkok,2019-12-17 10:16:50,,"6.9-magnitude earthquake strikes in Mindanao #Philippines üáµüá≠, displacing 50,000 people.

9,000 people evacuated aft‚Ä¶ https://t.co/x16aKvE5PT"
VOAStevenson,Washington DC,2019-12-17 10:06:53,,"President Duterte was caught up in the earthquake but was unharmed.

https://t.co/NfXQdCHZ51 @yahoosg"
baba_vardaani,India,2019-12-17 10:04:04,,"#Fiji 7¬± M earthquake soon..
#Philippines moderate or big one #Gempa #EarthquakePH soon..#FijiNews
#Argentina moder‚Ä¶ https://t.co/7FbGzObSdB"
epo_de,Berlin,2019-12-17 09:59:18,,South Philippines earthquake: Rescuers race to find survivors @AJENews  https://t.co/DqZbRYKjq1
StewienKevin,Ireland Proud South African,2019-12-17 09:59:00,,"Warned by Kevin Stewien 2004, do not fear death!

South African researcher and developer of the quantum physics dis‚Ä¶ https://t.co/aKb1xzwmL0"
UcanewsOrg,,2019-12-17 09:46:55,,"At least six churches in Digos Diocese reported badly damages, death toll expected to rise
#Environment‚Ä¶ https://t.co/z1hR8t0dHB"
sonia93122009,Washington DC,2019-12-17 09:44:19,,"Philippines hunts for survivors after earthquake levels building - Al Jazeera English ,https://t.co/ci3cqTjbQJ https://t.co/J2JlcPagXc"
dev_discourse,National Capital Region,2019-12-17 09:22:11,,Toll from #earthquake in southern #Philippines rises to 8 https://t.co/0nwWv4MBSa
MiddleEastTon,Pakistan,2019-12-17 09:13:08,,South Philippines earthquake: Rescuers race to find¬†survivors https://t.co/vtUzCFLhLu
accuweather,"State College, PA",2019-12-17 09:10:00,,Total rainfall of 75-150 mm (3-6 inches) is expected across much of Mindanao through this weekend with an AccuWeath‚Ä¶ https://t.co/wzxMDsslCd
robinsnewswire,RT's Are FYI Purposes Only,2019-12-17 08:57:38,,"WorldView: New Zealand volcano investigation, Philippines earthquake, and more https://t.co/hNBxG09IuM #Earthquake"
metebayirr,ƒ∞stanbul,2019-12-17 08:53:57,,South Philippines earthquake: Rescuers race to find survivors https://t.co/yH2hGt2OAW
gijapon_kaye,,2019-12-17 08:53:07,,"@Jeon_ssi_ Hi! I'm an elf from Philippines, specifically Davao. One of the affected area of the earthquake. Dec 15,‚Ä¶ https://t.co/YaEBl736hw"
swimmsolutions,"Winter Garden, FL",2019-12-17 08:51:08,,Swimming pool shakes violently during Philippines earthquake - Yahoo News https://t.co/OYDfasZiI1
swimmsolutions,"Winter Garden, FL",2019-12-17 08:51:08,,Further footage of hotel swimming pool shaking during powerful 6.8-magnitude earthquake in the Philippines - Yahoo‚Ä¶ https://t.co/1rtkAwtIWO
ultrascanhumint,,2019-12-17 08:42:32,,South Philippines earthquake: Rescuers race to find survivors: Residents on edge in southern island of Mindanao as‚Ä¶ https://t.co/kIAtLUhrC6
TopTwts,Worldwide,2019-12-17 08:26:19,,At least one person was killed after a powerful 6.8-magnitude earthquake struck the southern Philippines island of‚Ä¶ https://t.co/eUNIpTCBnq
j_dalencon,"La Reina, Regi√≥n Metropolitana",2019-12-17 08:26:09,,"NewEarthquake: 5.1 earthquake, 5km SSW of Sulop, Philippines. 2019-12-17 00:21:53 at epicenter (22m ago, depth 10km‚Ä¶ https://t.co/yj2reG5Wat"
One_News_Page,"New York, USA",2019-12-17 08:25:43,,South Philippines earthquake: Rescuers race to find survivors: https://t.co/VXrACMZR8d   #Asia
SismosVenezuela,"Caracas, Venezuela",2019-12-17 08:25:16,,"#Sismo 5.1 earthquake, 5km SSW of Sulop, Philippines. 2019-12-17 00:21:53 at epicenter (22m ago, depth 10km).‚Ä¶ https://t.co/EKKqHVlWxh"
NationalHaber,,2019-12-17 08:24:29,,South Philippines earthquake: Rescuers race to find survivors National¬†News https://t.co/bsWhlCEcBi https://t.co/cDt5edcpff
420growlife,"Riverside, CA",2019-12-17 08:24:21,,#GeneralElection Philippines earthquake causes swimming pool to shake violently... #wows #trendingnow #Rival via https://t.co/sdKZbURAHc
EugenioRainMan,Italia,2019-12-17 08:08:28,,Searchers Try to Find Earthquake Victims in Philippines https://t.co/PqrS0Cf08b
Waconzy,United States,2019-12-17 08:06:33,,At least one person was killed after a powerful 6.8-magnitude earthquake struck the southern Philippines island of‚Ä¶ https://t.co/faiI82Uye2
vaporware,,2019-12-17 08:05:06,,Searchers Try to Find Earthquake Victims in Philippines - The New York Times https://t.co/iRCMCtAPpU
r4resilience,"Seattle, WA",2019-12-17 07:39:30,,Searchers Try to Find Earthquake Victims in Philippines - The New York Times https://t.co/fCRHld37L6 #DRR https://t.co/2hEDOfucCG
arminaph,"Tagaytay, Calabarzon",2019-12-17 07:36:30,,"6.9 magnitude earthquake in Mindanao, 2 massive accidents in Cavite and Rizal. Madaming namatay. Madaming sugatan.‚Ä¶ https://t.co/y5GH7fKQz4"
nytimesworld,"New York, London, Hong Kong",2019-12-17 07:22:04,,"A magnitude-6.9 quake violently shook the southern Philippines, killing at least 3 people, officials said. Rescuers‚Ä¶ https://t.co/FSsQlGE7AM"
LastQuake,"based in Paris, works globally",2019-12-17 07:18:03,"{'type': 'Point', 'coordinates': [125.21, 6.57]}","Map of felt reports received so far following the #earthquake M4.9 in Mindanao, Philippines 1hr 10min ago https://t.co/vGavREaPFl"
mysimplymary,"Phoenix, AZ USA",2019-12-17 07:16:56,,"Alright....
1111?
Uh oh.
.
.
.
#1111 #121419 #manifestation #numerology #earthquake #philippines #justnoticedthis‚Ä¶ https://t.co/C4UtZmNHRl"
ANikhwai,,2019-12-17 07:11:17,,"an hour ago #earthquake 4.9 has hit Kiblawan (Davao), Philippines, 10.0km, 06:07 GMT (EMSC) https://t.co/KL11mOJEN9 https://t.co/PQbXOMNIcs"
AHACentre,"Jakarta, Indonesia",2019-12-17 07:10:46,,"FLASH UPDATE: No. 03 - M 6.9 Earthquake in Davao Del Sur, Philippines - 17 December 2019 - https://t.co/SpxTDTCH9H‚Ä¶ https://t.co/unYva6MeIL"
lindolmo,"Quezon City, Philippines",2019-12-17 06:59:13,,"Earthquake Info from USGS - M 4.9 - 6km W of Kiblawan, Philippines https://t.co/c9dOfGnDcV"
EMSC,"Bruy√®res-Le-Chatel, France",2019-12-17 06:56:12,,#Earthquake (#lindol) M3.7 strikes 37 km N of General Santos (#Philippines) 14 min ago. More info: https://t.co/QDAEqyl6s2
qldstorms,South East Queensland,2019-12-17 06:50:09,,"Earthquake: Magnitude 5.1, Mindanao, Philippines https://t.co/deOGP0QQGt"
MonitoringA3M,"T√ºbingen, Deutschland",2019-12-17 06:40:32,,"Earthquake, Level 3, Moderate magnitude 4.9 M coastal earthquake at depth 10.00 km - Philippines‚Ä¶ https://t.co/XArrf9RyWr"
MapQuake,,2019-12-17 06:36:27,,"M4.9 - 6km W of Kiblawan, Philippines
Mag: 4.9
Depth: 10km
Date-Time: 2019-12-17  06:07:17 UTC‚Ä¶ https://t.co/PmeYTGJLbD"
EQAlerts,,2019-12-17 06:35:32,,"#Earthquake M3.2 009 km N 20¬∞ W of General Macarthur (Eastern Samar) (Philippines) 17 Dec 06:22 UTC - report/in...
https://t.co/miJFHDlwLD"
everyEarthquake,Earth,2019-12-17 06:35:02,"{'type': 'Point', 'coordinates': [125.1816, 6.618]}","USGS reports a M4.9 #earthquake 6km W of Kiblawan, Philippines on 12/17/19 @ 6:07:17 UTC https://t.co/8BV1cxVlSL #quake"
quakeupdates,"USA, Australia, Indonesia, NZ & Japan",2019-12-17 06:34:19,,"A M4.9 earthquake has been reported by the USGS for 6km W of Kiblawan, Philippines. Link: https://t.co/u1isczSVuK"
earthshook,,2019-12-17 06:33:33,"{'type': 'Point', 'coordinates': [125.1816, 6.618]}","Mb 4.9 earthquake (reviewed) occured at 2019-12-17T06:07:17 UTC, 6km W of Kiblawan, Philippines https://t.co/xAPlODgvF4"
DavaoPH,"Davao, Philippines",2019-12-17 06:33:22,"{'type': 'Point', 'coordinates': [125.1816, 6.618]}","4.9 earthquake, 6km W of Kiblawan, Philippines. 2019-12-17 14:07:17 at epicenter (27m ago, depth 10km). https://t.co/iyw6cLBCEW"
earthshook,,2019-12-17 06:32:32,"{'type': 'Point', 'coordinates': [125.1816, 6.618]}","Mb 4.9 earthquake (reviewed) occured at 2019-12-17T06:07:17 UTC, Mindanao, Philippines https://t.co/xAPlODgvF4"
LastQuake,"based in Paris, works globally",2019-12-17 06:28:03,"{'type': 'Point', 'coordinates': [125.34, 6.59]}",M4.9 #earthquake (#lindol) strikes 61 km SW of #Davao (#Philippines) 21 min ago. Updated map of its effects: https://t.co/yE6H7RzpdJ
EMSC,"Bruy√®res-Le-Chatel, France",2019-12-17 06:26:49,,#Earthquake (#lindol) M3.6 strikes 24 km S of #Digos (#Philippines) 26 min ago. More info: https://t.co/SLMJq2foTc
quakeupdates,"USA, Australia, Indonesia, NZ & Japan",2019-12-17 06:20:22,,"A M5.1 earthquake has been reported by the AGGA for Mindanao, Philippines. Link: https://t.co/y4AStoDJiL"
LastQuake,"based in Paris, works globally",2019-12-17 06:19:34,"{'type': 'Point', 'coordinates': [125.34, 6.59]}",M4.9 #earthquake (#lindol) strikes 61 km SW of #Davao (#Philippines) 12 min ago. Read eyewitnesses' stories &amp; share‚Ä¶ https://t.co/AMsCVjAxzK
K12Lioness,Opinions Are My Own.,2019-12-17 06:19:13,,ALERT‚ÄºÔ∏è Another #Earthquake hits the #Philippines. https://t.co/CnpVUYzcBH
NCseismicobserv,"IRD Noumea, New Caledonia",2019-12-17 06:18:40,,"ird2019ypyf Mindanao, Philippines mb 5.0 2019/12/17 06:07:20 - Event has not yet been reviewed by a seismologist. F‚Ä¶ https://t.co/GAPUMh9IiN"
LastQuake,"based in Paris, works globally",2019-12-17 06:18:04,"{'type': 'Point', 'coordinates': [125.34, 6.59]}",M4.9 #earthquake (#lindol) strikes 61 km SW of #Davao (#Philippines) 11 min ago. Effects reported by eyewitnesses: https://t.co/PG9nG3RQPR
quakeupdates,"USA, Australia, Indonesia, NZ & Japan",2019-12-17 06:17:21,,"A M4.9 earthquake has been reported by the GEOFON for M 4.9, Mindanao, Philippines. Link: https://t.co/oCQsQ5xTFQ"
eqgr,"Athens, Greece",2019-12-17 06:17:11,,"4‚É£9‚É£ üáµüá≠ Earthquake Mw 4.9, 17/12 14:07, depth: 10 Km, MINDANAO, PHILIPPINES (Source: GFZ Potsdam) #earthquake -‚Ä¶ https://t.co/7OSTRBxKeV"
LastQuake,"based in Paris, works globally",2019-12-17 06:16:52,"{'type': 'Point', 'coordinates': [125.34, 6.59]}","This is the 11th felt #earthquake in Mindanao, Philippines in the last 49 hours https://t.co/wPtMW5ND1t"
LastQuake,"based in Paris, works globally",2019-12-17 06:16:47,"{'type': 'Point', 'coordinates': [125.34, 6.59]}",Felt #earthquake (#lindol) M4.9 strikes 61 km SW of #Davao (#Philippines) 9 min ago. Please report to:‚Ä¶ https://t.co/ofMle1rR2B
EMSC,"Bruy√®res-Le-Chatel, France",2019-12-17 06:16:45,,#Earthquake (#lindol) M4.9 strikes 61 km SW of #Davao (#Philippines) 9 min ago. More info: https://t.co/JxL6rKwwRW
myearthquakeapp,Earth,2019-12-17 06:16:35,,"4.88 earthquake occurred near Mindanao, Philippines at 06:07 UTC! #earthquake #Mindanao https://t.co/jgFe6LnUor"
quakeupdates,"USA, Australia, Indonesia, NZ & Japan",2019-12-17 06:11:20,,"A M5.7 earthquake has been reported by the BMKG for Mindanao, Philippines. Link: https://t.co/uvJVkmI6cM"
LastQuake,"based in Paris, works globally",2019-12-17 06:09:06,,#Earthquake (#lindol) possibly felt 2 min ago in #Davao #Philippines. Felt it? See https://t.co/wPtMW5ND1t https://t.co/pNvdbOzGqj
quakeupdates,"USA, Australia, Indonesia, NZ & Japan",2019-12-17 06:06:20,,"A M4.8 earthquake has been reported by the BMKG for Mindanao, Philippines. Link: https://t.co/uvJVkmI6cM"
amyslayer,Everywhere,2019-12-17 05:57:27,,You turned into the Philippines. Congrats. Matter of time before a two-bit land-grabbing preacher takes credit for‚Ä¶ https://t.co/58z8gCqDoa
OCHAPhilippines,Philippines,2019-12-17 05:56:09,,"On 15 December 2019 at 2:11 p.m., a 6.9-magnitude earthquake with 3 km depth struck Matanao municipality in the pro‚Ä¶ https://t.co/TABdmlaQP6"
FREDAHAM,SEATTLE,2019-12-17 05:21:07,,Philippines earthquake: 6-year-old girl among 3 killed - CNN https://t.co/16QT4W75TK
sansarnews1,,2019-12-17 05:18:27,,7 people killed in Southern Philippines' earthquake - Sansar News https://t.co/faaApMbXAd
perezmara691,"Davao City, Davao Region",2019-12-17 05:16:31,,@BobOngHugots How can i stop overthink if continues earthquake happens here in philippines üò≠ Most specially here in‚Ä¶ https://t.co/YI52iVQUT1
ManilaTOURISTS,#Pinas #PI #PH #PHtourist.com,2019-12-17 05:15:59,,"built on #FaultLinePHüò≥3F grocery
standard #BuildingCodePH
#PHbukoNewsüå¥
#2019DecPHüå¥
#EarthquakeLindol
#Manila‚Ä¶ https://t.co/PQf3YLkyOr"
Carolin00653781,,2019-12-17 05:14:51,,6-year-old girl among 3 killed as 6.8-magnitude earthquake rocks southern Philippines - CNN https://t.co/ELPeFUAEGQ via @GoogleNews
clintonkowach,"Colorado, USA",2019-12-17 05:13:37,,"Philippines on alert for tropical threat following powerful earthquake
https://t.co/gJeQYMyIwS #News #Bibleprophecy‚Ä¶ https://t.co/J25UJYai16"
therussophile,Moscow,2019-12-17 04:37:44,,"Latest earthquakes in the Philippines - list and map TAKE ALOOK AT THE MAP RIGHT HAND SIDE

Earthquake list: past 3‚Ä¶ https://t.co/r6Gl6vryYl"
catrisky,Earthquakes Hurricanes Wind,2019-12-17 04:24:21,,Searchers Try to Find Earthquake Victims in Philippines - The New York Times https://t.co/6OYdjADo5G https://t.co/wQ6vJmcbmJ
QueensIceZ,"Queens, New York",2019-12-17 04:22:13,,"Philippines Rocked by Deadly Earthquake

From The Weather Channel iPhone App https://t.co/J0DCZe2Flu https://t.co/5oYt3RyJuM"
therussophile,Moscow,2019-12-17 03:51:33,,Latest earthquakes in the Philippines ‚Äì list and map TAKE ALOOK AT THE MAP RIGHT HAND SIDE Earthquake list: past 30‚Ä¶ https://t.co/qFW3exePoX
nytimesworld,"New York, London, Hong Kong",2019-12-17 03:42:03,,The quake was the third with a magnitude of 6.5 or higher to hit the province of Davao del Sur since late October https://t.co/WagpD5wWMN
chipotlea,,2019-12-17 03:32:05,,my childhood home in the philippines got severely damaged by the latest earthquake
manangdi22,,2019-12-17 03:25:21,,What is happening in #Davao? Strong earthquake again? Didn't know there are active faults in Southern Philippines.
maybsmaybsss,,2019-12-17 03:21:31,,"@AirAsiaSupport Hi! Do you sponsor free trip / logistic to General Santos, Philippines for earthquake assistance?"
kristinesabillo,"MANILA, Philippines",2019-12-17 03:21:20,,@narodski Didn't link to the article because hard to verify. Here it is: https://t.co/6Omqp0Io6L
QueenChaviva,,2019-12-17 03:08:04,,"DEADLY MAGNITUDE 6.8 EARTHQUAKE HIT THE PHILIPPINES, MAGNETIC NORTH MOVING RAPIDLY, RECORD HAIL https://t.co/jZoyOK9EPq"
sakaltimes,"Maharashtra, India",2019-12-17 03:00:31,,"A 6.8-magnitude #earthquake hit southern #Philippines causing several deaths and injuries.

#sakal #sakalnews‚Ä¶ https://t.co/5rDog6FEeF"
yaadlinksradio,"London,UK",2019-12-17 02:46:29,,"""Searchers Try to Find Earthquake Victims in Philippines"" by JASON GUTIERREZ via NYT https://t.co/qbDNhgLiKV"
DanielPartain4,,2019-12-17 02:46:18,,Searchers Try to Find Earthquake Victims in Philippines by JASON¬†GUTIERREZ https://t.co/ieMXVs7qjR https://t.co/dr2AZTwTIP
azizoubairouk,"London, England",2019-12-17 02:36:15,,Searchers Try to Find Earthquake Victims in Philippines#World https://t.co/2WjmK4E4yI
mlq3,Quezon City,2019-12-17 02:32:44,,Four large quakes in two months jolt southern Philippines | https://t.co/0JrCZEqX1Z https://t.co/7cNM8L4GiO
Freemindgo,,2019-12-17 01:35:12,,Philippines earthquake: 6-year-old girl among 3 killed - CNN https://t.co/Vira5fizgL
ANCALERTS,Philippines,2019-12-17 01:34:24,,"Authorities on Tuesday continue their search and retrieval operations in a collapsed building in Padada, Davao del‚Ä¶ https://t.co/WtcXgAcKFh"
FreeAirdrop1,"New York, USA",2019-12-17 01:31:55,,"6-year-old girl among 3 killed as 6.8-magnitude earthquake rocks southern Philippines
https://t.co/ED9GkiuejH‚Ä¶ https://t.co/a1c61QgRYG"
inBarrWeTrust,"Amsterdam, The Netherlands",2019-12-17 01:27:29,,Me: So what you think about that earthquake in the Philippines Michael ? https://t.co/kbYDIpdYZ9
chrisoulahan_BL,Worldwide,2019-12-17 01:00:06,,"Prayers go out to our friends in Mindanao, Philippines. Lives were lost. 6.9 Mag. earthquake.
God Bless you all. Stay safe."
vanidan,USA,2019-12-17 00:58:50,,Fatal Earthquake Measuring 6.8 Magnitude Strikes Philippines https://t.co/gyRpLGIkC1
eliasgruta72,,2019-12-17 00:57:59,,"ACTUAL FOOTAGE I 6 9 MAGNITUDE MINDANAO EARTHQUAKE I DECEMBER 15,2019 https://t.co/9B9rAKSgOU via @YouTube‚Ä¶ https://t.co/OMxSIAAjij"
m_yonetani,"Geneva, Switzerland",2019-12-17 00:50:30,,"#Philippines, #Mindanao: 15 Dec. 6.9 mag. #earthquake hit Davao del Sur - the 4th mag. 6+ quake in two months to hi‚Ä¶ https://t.co/wU3Ms66oow"
antimany,manila,2019-12-17 00:44:47,,Four large quakes in two months jolt southern Philippines | https://t.co/9cCAp40RXo https://t.co/bYfaeNI34R
Poison_Photo,California,2019-12-17 00:37:10,,@itsjudytime is your family okay with the Philippines earthquake?
Saudi_Gazette,"Jeddah, Saudi Arabia",2019-12-17 00:30:00,,Rescuers in the southern #Philippines used heavy equipment and their bare hands in hopes of finding several people‚Ä¶ https://t.co/HB5XtCnsjY
dessouslevide,"Tr√©bons-sur-la-Grasse, France",2019-12-17 00:27:33,,Searchers Try to Find Earthquake Victims in Philippines https://t.co/L8oyBUiYU2 https://t.co/LeQmwHpX32
LaTtEX,Philippines,2019-12-17 00:23:17,,Is Mt. Apo becoming active again? https://t.co/WwlZnUHEiP
LaTtEX,Philippines,2019-12-17 00:22:54,,"@kevinleversee Here you go re the volcanic theory. 
https://t.co/WwlZnUHEiP"
kuamnews,"Hagatna, Guam",2019-12-17 00:16:21,,Read now on https://t.co/HYatwhVZiR 6.9 magnitude earthquake shakes Philippines https://t.co/joghtL2rcu
drnoahross,"Johannesburg, South Africa",2019-12-17 00:13:03,,Philippines hunts for survivors after earthquake levels building - Al Jazeera English https://t.co/VtamyjX4us
neogem5,,2019-12-16 23:58:36,,Scenes of panic on streets as earthquake hits Philippines https://t.co/uRclREsC32
I_News_N,United Kingdom,2019-12-16 23:54:44,,Searchers attempt to find Earthquake Victims in Philippines #News #Breaking_News #Breaking #Latest... https://t.co/I88kZdRDzV
sweetquebecer,"Quebec City, Que, Canada",2019-12-16 23:52:02,,https://t.co/DobJWfnOxV Death toll rises in southern Philippines earthquake
DOSKEY17,Canada,2019-12-16 23:51:36,,"DEADLY MAGNITUDE 6.8 EARTHQUAKE HIT THE PHILIPPINES, MAGNETIC NORTH MOVI... https://t.co/E7tXS5PuTN via @YouTube"
ShakingEarth,World,2019-12-16 23:46:31,,"Earthquake ! mb 4.6 MINDANAO, PHILIPPINES https://t.co/yhJpW0zVJH"
nytimesworld,"New York, London, Hong Kong",2019-12-16 23:40:05,,Rescuers on Monday raced to reach several people believed trapped inside a supermarket that crumbled as a magnitude‚Ä¶ https://t.co/kpHswAVFWO
gioprotogonos69,"Vittoria, Sicilia",2019-12-16 23:30:54,,"DEADLY MAGNITUDE 6.8 EARTHQUAKE HIT THE PHILIPPINES, MAGNETIC NORTH MOVI... https://t.co/n6OVcMuc7X di @YouTube"
JamesJava,#LongIsland NY,2019-12-16 23:26:40,,At least two people found dead in supermarket rubble after strong earthquake in the Philippines  https://t.co/b7hGtehXcd
accuweather,"State College, PA",2019-12-16 23:15:05,,"In the shorter term, Palau will be at risk for daily showers and thunderstorms with downpours capable of producing‚Ä¶ https://t.co/Bo2T1k0lIk"
purerose2011,Â§ßÂíåËëõÂüéÂ±±È∫ì„ÄÅÂ§ßÂ≥ØÂ≥Ø‰∏≠ÔºàÂ∞èÊ±†ÂÆøË∑°Ôºâ„ÄÅ‰ΩèÂêâÂ§ßÁ§æÁïåÈöà,2019-12-16 23:08:28,,Searchers Try to Find Earthquake Victims in Philippines - The New York Times https://t.co/DYTMQfP1gI #earthquake
yazzooguy,"England, United Kingdom",2019-12-16 23:05:57,,"‚ö°Ô∏è ‚ÄúAt least two people found dead in supermarket rubble after strong earthquake in the Philippines‚Äù

https://t.co/1OV4H9dc5i"
myearthquakeapp,Earth,2019-12-16 23:01:07,,"4.4 earthquake occurred near Mindanao, Philippines at 22:47 UTC! #earthquake #Mindanao https://t.co/ZGEkLMG7Tu"
EMSC,"Bruy√®res-Le-Chatel, France",2019-12-16 23:00:56,,#Earthquake (#lindol) M4.4 strikes 135 km SE of #Caburan (#Philippines) 13 min ago. More info: https://t.co/fDNAUdP2oq
_quantum_fx,,2019-12-16 22:54:17,,"DEADLY MAGNITUDE 6.8 EARTHQUAKE HIT THE PHILIPPINES, MAGNETIC NORTH MOVING RAPIDLY, RECORD HAIL https://t.co/lpXTjoP9R8"
sunicamarkovic,Chicago Il,2019-12-16 22:40:16,,"FATAL EARTHQUAKE MEASURING 6.8 MAGNITUDE STRIKES PHILIPPINES
https://t.co/QMkTgPiAVv

MyLatestSoundDetectiin‚Ä¶ https://t.co/MyNnsHwg8d"
andrewwcox,"#Newcastle Upon Tyne, England",2019-12-16 22:38:40,,"Report from Forbidden Knowledge News - 16th December 2019

Deadly Magnitude 6.8 #Earthquake hits the #Philippines‚Ä¶ https://t.co/X3WHN4yejU"
WeatherBug,"New York, NY",2019-12-16 22:35:05,,"Three people now dead following an earthquake in the Philippines... #Philippinesearthquake 
 Latest...‚Ä¶ https://t.co/89ApyubaRY"
CraigKendrick5,"Christchurch City, New Zealand",2019-12-16 22:29:07,,As a Christchurch person my heart goes out to the people of the Philippines after there earthquake look after yours‚Ä¶ https://t.co/4sS5E34W9p
USGS_HDDS,"USGS/EROS, Sioux Falls SD",2019-12-16 22:00:18,,4 scenes of SENTINEL ingested to HDDS for event 201911_Earthquake_PHL #earthquake #Philippines‚Ä¶ https://t.co/IGpwoQ7btN
chaleeboh3131,,2019-12-16 21:56:12,,"A strong earthquake jolted the southern Philippines, prompting people to rush out of malls, houses &amp; other building‚Ä¶ https://t.co/z2WHNcakI3"
IndyWorld,"London, United Kingdom",2019-12-16 21:46:13,,Powerful earthquake of magnitude 6.8 strikes near Philippines city https://t.co/LTk6CQ20yi
lovecelticwoman,Olympic ski town ParkCity Utah,2019-12-16 21:37:05,,"https://t.co/jXt0nxL2xu Even though this earthquake in the Philippines happened more than a day ago, this YouTube c‚Ä¶ https://t.co/j6abZTemy9"
OASISLMF,"London, England",2019-12-16 21:34:02,,"A 6.8 magnitude #earthquake hit the southern #Philippines on Sunday, striking 61 kilometers (38 miles) southwest of‚Ä¶ https://t.co/31Z1OAT2gB"
gregory_karris,,2019-12-16 21:28:43,,6.8-magnitude earthquake rocks southern Philippines https://t.co/4G8ujccmqr
amy_moscrip,,2019-12-16 21:26:10,,"""At least two people found dead in supermarket rubble after strong earthquake in the Philippines""  https://t.co/4AiEu02RVP"
borneo_bulletin,Brunei,2019-12-16 21:16:31,,Rescuers on Monday pulled out two bodies from a three-storey building that collapsed in a strong earthquake in the‚Ä¶ https://t.co/0Jf13iJQKG
wybme,"California, USA",2019-12-16 20:57:32,,Searchers Try to Find Earthquake Victims in Philippines https://t.co/aiufMCVwpT
pinoynewstv,Republic of the Philippines,2019-12-16 20:51:33,,Misuari appointment to int'l Islamic agency an 'earthquake' in peace process: analyst: The appointment of Nur Misua‚Ä¶ https://t.co/Bpou5CnbVr
ibangel,,2019-12-16 20:49:48,,"Earthquake - Magnitude 5.0 - MINDANAO, PHILIPPINES - 2019 December 16, 08:53:31 UTC https://t.co/G1nQDyqfZc"
rickputnam47,"Redding, CA",2019-12-16 20:48:09,,"USGS | M 5.0 - 4km ENE of Tanlad, Philippines https://t.co/jD5KGtbRAc"
JenniferWarters,"W.Yorkshire, UK",2019-12-16 20:40:42,,https://t.co/PqBhOT6jfy Death toll rises in southern Philippines earthquake
Tartannancy,united kingdom,2019-12-16 20:25:48,,@apldeap - hope that the recent #Earthquake in #Phillipines hasn‚Äôt affected friends. Stay strong #Philippines you h‚Ä¶ https://t.co/rjWYOBOLPB
francescosboni,My World Kingdom (F.P.S.),2019-12-16 20:19:53,,6.8 magnitude earthquake hits Mindanao (Philippines) - BBC News - 15th D... https://t.co/1Cb918QZ63 di @YouTube
francescosboni,My World Kingdom (F.P.S.),2019-12-16 20:17:11,,BBC News - Philippines earthquake: Eight deaths reported on Luzon https://t.co/i3A62C4CoO
_veritas___,F.P.S. global-mondiale.,2019-12-16 20:16:37,,BBC News - Philippines earthquake: Eight deaths reported on Luzon https://t.co/grmmvWsqam
myearthquakeapp,Earth,2019-12-16 20:11:12,,"4.3 earthquake occurred near Mindanao, Philippines at 19:54 UTC! #earthquake #Mindanao https://t.co/1lGmDftPmq"
EMSC,"Bruy√®res-Le-Chatel, France",2019-12-16 20:10:56,,#Earthquake (#lindol) M4.3 strikes 52 km N of General Santos (#Philippines) 16 min ago. More info: https://t.co/UP8ibE6qr6
quakeupdates,"USA, Australia, Indonesia, NZ & Japan",2019-12-16 20:01:59,,"A M4.8 earthquake has been reported by the BMKG for Mindanao, Philippines. Link: https://t.co/uvJVkmqvle"
FoodIsPower,"Cotati, CA",2019-12-16 20:00:48,,Thousands of people have been affected by yesterday's earthquake and we hope you‚Äôll consider supporting the‚Ä¶ https://t.co/j7vl8gIvcY
yourweathercouk,,2019-12-16 20:00:10,,"#Nature üìπ Earthquake with a 6.8 magnitude in the Philippines. 

The epicentre was located on the island of‚Ä¶ https://t.co/NhZfeMUUwE"
USGS_HDDS,"USGS/EROS, Sioux Falls SD",2019-12-16 20:00:08,,2 scenes of LANDSAT ingested to HDDS for event 201911_Earthquake_PHL #earthquake #Philippines‚Ä¶ https://t.co/0g3wHwCnNN
carpathianews,Imperial Kingdom of Carpathia,2019-12-16 20:00:01,,"UPDATE

""At least two people found dead in supermarket rubble after strong earthquake in the Philippines""  https://t.co/3boKLVoj8N"
SaveAusNews,Australia,2019-12-16 19:54:03,,PHILIPPINES: Thousands of children in the south #Philippines face serious safety risks after Mindanao was hit by a‚Ä¶ https://t.co/nz0XFrpf9U
AmeliaAbdWahab,,2019-12-16 19:40:08,,Philippines earthquake: 6-year-old girl among 3 killed - CNN https://t.co/Wqob79rtQ7
MnMsnakes,"Auckland City, New Zealand",2019-12-16 19:38:00,,"Three dead, more missing in building downed by Philippines earthquake https://t.co/tAyKzTDb4z"
VOAStevenson,Washington DC,2019-12-16 19:32:53,,Electricity cables spark as residents run for cover as a 6.8 magnitude earthquake struck the southern island of Min‚Ä¶ https://t.co/itglaS3BtS
EarthUnb,,2019-12-16 19:21:48,,"A swimming pool spills over as a strong 6.8 magnitude earthquake rocked the Philippines.
.
‚ñ´Ô∏è
At least one person d‚Ä¶ https://t.co/15RjOwZxyj"
accuweather,"State College, PA",2019-12-16 19:15:06,,A large area of showers and thunderstorms stretching from east of Palau to the offshore waters east of Mindanao wil‚Ä¶ https://t.co/1mDTp60fN3
LucianoOlivares,,2019-12-16 19:02:47,,"#Sismo #Earthquake #PrevencionFF M 4.9 - 5km SSW of Sulop, Philippines
https://t.co/KTYoRibe5j"
NicRodriguez,South Florida,2019-12-16 19:01:09,,Powerful earthquake hits Philippines https://t.co/qcpMsI0OZl
ibangel,,2019-12-16 19:00:17,,M 6.8 Earthquake Philippines 15 Dec 2019 - YouTube https://t.co/l9cEFdjub0
SMcK17,"Toledo, Ohio",2019-12-16 18:57:52,,Fatal earthquake measuring 6.8 magnitude strikes Philippines https://t.co/s7zIvVm9Dw - @Newsweek
spacejunky2,"Rhyl, Denbighshire North Wales",2019-12-16 18:52:22,,Deadly earthquake rocks the¬†Philippines https://t.co/vKApOaxubW https://t.co/QhjxxzKvMT
_Monotheism,Globe,2019-12-16 18:44:13,,"Sympathies for victims (few departed, many injured, apart from material losses) and families, prayers for those who‚Ä¶ https://t.co/9KKpjgKz8l"
maver23,"San Juan, USA",2019-12-16 18:35:57,,At least two people found dead in supermarket rubble after strong earthquake in the Philippines  https://t.co/vPMvDUtyBf
AmeliaAbdWahab,,2019-12-16 18:35:09,,Searchers Try to Find Earthquake Victims in Philippines https://t.co/cTYw88PCZ7
patton_cascadia,"manila, ca",2019-12-16 18:13:08,,"@katnahat7 @gem_hazard @gem_risk @LastQuake we cannot know
there is a small chance there will be a larger quake

th‚Ä¶ https://t.co/uBf5xWXFKU"
BenarPhilippine,"Washington, DC",2019-12-16 18:12:14,,"Rescuers Dig More Bodies in Southern Philippines after Quake

https://t.co/WJp24GvBoH

#Philippinesearthquake‚Ä¶ https://t.co/SMa5GQDkvm"
jeeeemsss,"Alabel, Soccsksargen",2019-12-16 18:08:33,,Japan is trying to be earthquake proof while Philippines is busy making earthquake memes... https://t.co/5lKagXJD4p
UrduPointEng,Pakistan and Dubai,2019-12-16 18:04:06,,Southern Philippines hit by 6.8 magnitude earthquake https://t.co/s768SfEAmi
karimraffa,"Singapore, London, Amsterdam",2019-12-16 18:01:17,,Rescue efforts continue in the Philippines after a 3-story building collapsed when a 6.9-magnitude earthquake hit t‚Ä¶ https://t.co/lb1uxVgDtv
Sokka_at_Toyo,ask khalid for location,2019-12-16 18:00:56,,"""At least two people found dead in supermarket rubble after strong earthquake in the Philippines""  https://t.co/7naIbNQj9y"
threadreaderapp,"Vancouver, British Columbia",2019-12-16 17:59:39,,"@blsdbe Bonjour, you can read it here: Thread by @yustein: Important: with the earthquake of 6.9 magnitude in Phili‚Ä¶ https://t.co/kBsGd8GmzQ"
QuickTake,,2019-12-16 17:59:05,,Rescue efforts continue in the Philippines after a 3-story building collapsed when a 6.9-magnitude earthquake hit t‚Ä¶ https://t.co/p84RsfoDtF
philippines_tip,,2019-12-16 17:56:02,,Philippines on alert for tropical threat following powerful earthquake - https://t.co/WouGx4aVgf https://t.co/dNeHOECwBS
EQAlert,USA,2019-12-16 17:43:20,,"6.8 Philippines Earthquake Late Saturday!!!  With Many Earthquakes There Since Last Night!!!!! Now Several Dead, Ma‚Ä¶ https://t.co/jw8I4Y0AXG"
GundalaMuda,,2019-12-16 17:37:35,,Six-year-old girl among three killed in quake https://t.co/vhKP78Frm2 https://t.co/fN6ZVj50hB
AKUTASSOCIATION,Istanbul,2019-12-16 17:35:37,,AKUT has been following the recent developments after the 6.8 magnitude earthquake in the Philippines.
ForsakenUciha,#Layyah #Punjab #Pakistan,2019-12-16 17:34:43,,"Hope Everyone Is Safe‚Ä¶! üíï

May ALLAH Almighty Protect Us All‚Ä¶!!!

Ameen 

#Philippines #Earthquake https://t.co/vYbqOugKC5"
tvt_news,United States,2019-12-16 17:33:21,,Searchers Try to Find Earthquake Victims in¬†Philippines https://t.co/1xa4rNuThV
PoolSpaMktg,,2019-12-16 17:30:15,,This is the terrifying moment a swimming pool shook violently causing large waves earthquake hit the Philippines to‚Ä¶ https://t.co/Vm9z7jqBwV
philippines_tip,,2019-12-16 17:25:04,,Philippines on alert for tropical threat following powerful earthquake - https://t.co/WouGx4aVgf https://t.co/TabcIjFGh9
warriors_mom,MN lakes to TN mountains,2019-12-16 17:24:21,,"PressTV: 
Philippines: Drone footage captures Padada earthquake aftermath üôèüèæ #Tectonics #Drones  https://t.co/NKRCOveswd"
ElSelvatico,"Caracas, Venezuela",2019-12-16 17:23:14,,"#Sismo 5.1 earthquake, 5km SSW of Sulop, Philippines. 2019-12-17 00:21:53 at epicenter (22m ago, depth 10km).‚Ä¶ https://t.co/biPm2pniFI"
christineatate,,2019-12-16 17:14:37,,"Philippines Earthquake Hits Duterte Family, President Goes Back To Sleep After Quake https://t.co/Ioxmmzniwx"
timesofoman,Oman,2019-12-16 17:14:33,,"Death toll rises in southern #Philippinesearthquake 
https://t.co/yqyNPHHosA"
WhatsUp_Earth,California,2019-12-16 17:10:30,,Strong Earthquake Hits the Southern Philippines - The New York Times https://t.co/vfBcghhuVU
breakingweather,"State College, PA",2019-12-16 17:08:59,,A tropical system attempting to organize in the Philippine Sea will bring the risk for flooding to parts of the sou‚Ä¶ https://t.co/KcVpFUZrXM
earthshook,,2019-12-16 17:07:09,"{'type': 'Point', 'coordinates': [125.327, 6.5526]}","Mww 4.9 earthquake (reviewed) occured at 2019-12-16T16:21:53 UTC, 5km SSW of Sulop, Philippines https://t.co/ktFbg6DAMh"
simplybotansoap,"Metro Washington, DC USA",2019-12-16 17:02:52,,"USA TODAY: Powerful earthquake hits Philippines

https://t.co/FNupG5sVM2"
i_AM_theChange,O.C.,2019-12-16 17:01:28,,"6.8 Magnitude Earthquake Strikes Mindanao, Philippines https://t.co/3SxZpm8nIP"
RT_com,,2019-12-16 17:00:01,,"Aftermath of a 6.8 magnitude #earthquake in #Padada, #Philippines https://t.co/dFTjpc7fS1"
lindolmo,"Quezon City, Philippines",2019-12-16 16:59:25,,"Earthquake Info from USGS - M 5.1 - 5km SSW of Sulop, Philippines https://t.co/ui2zrbiSti"
Sismologue_en,World,2019-12-16 16:57:03,,"Earthquake mag 5.1, 1.60km (0.99 miles) away from Luparan (#Philippines): #Luparan #Earthquake #Seism https://t.co/Dj2ZdHCHj6"
earthquakevt,Worldwide üåé,2019-12-16 16:55:01,,"‚ö†Ô∏è#Philippinesüáµüá≠: A moderate #earthquake of magnitude Mww=5.1, was registered at 5 KM SSW of #Sulop, province of‚Ä¶ https://t.co/ZOCLSc2z0g"
HildaVanessaQu2,"Lima, Peru",2019-12-16 16:53:10,,"@siwonchoi Let us raise a prayer for the people who suffer from the earthquake in the Philippines, that God gives t‚Ä¶ https://t.co/wHr3YK99Lj"
hofbeezy,Somewhere on my bicycle!,2019-12-16 16:53:05,,"@Romanoff2020 @davidsirota Philippines earthquake and NZ volcano errupted last week, tsunami in Japan hit that nucl‚Ä¶ https://t.co/mwuhAXgM5A"
qldstorms,South East Queensland,2019-12-16 16:50:15,,"Earthquake: Magnitude 5.1, Mindanao, Philippines https://t.co/mA7gJty5Qo"
MapQuake,,2019-12-16 16:46:53,,"M5.1 - 5km SSW of Sulop, Philippines
Mag: 5.1
Depth: 10km
Date-Time: 2019-12-16  16:21:53 UTC‚Ä¶ https://t.co/1bH6rA8IHB"
EQAlerts,,2019-12-16 16:45:31,,"#Earthquake M3.2 007 km S 87¬∞ W of Kiblawan (Davao Del Sur) (Philippines) 16 Dec 16:31 UTC - report/info: 
https://t.co/WrlCR6tw7g"
QuakesToday,,2019-12-16 16:45:03,"{'type': 'Point', 'coordinates': [125.324, 6.551]}","5.1 magnitude #earthquake. 6 km from Sulop, #Davao, Philippines https://t.co/Hku2h9DAyX"
peter_mount,"√úT: 51.512407,-0.136951",2019-12-16 16:45:03,,"Mag 5.1 earthquake 5km SSW of Sulop, Philippines
Time 2019-12-16 16:21:53 UTC
Depth 10km
Position 125¬∞ 19' 26"" E 6¬∞‚Ä¶ https://t.co/EzL0kP67ku"
Sisal13,"South Jordan, Utah",2019-12-16 16:45:01,,Searchers Try to Find Earthquake Victims in Philippines - The New York Times https://t.co/GwtUKrk8w9 via @GoogleNews
rickputnam47,"Redding, CA",2019-12-16 16:44:44,,"USGS | M 5.1 - 5km SSW of Sulop, Philippines https://t.co/HQN9yYB0KO"
MonitoringA3M,"T√ºbingen, Deutschland",2019-12-16 16:44:33,,"Earthquake, Level 3, Moderate magnitude 5.1 M coastal earthquake at depth 10.00 km - Philippines‚Ä¶ https://t.co/dYHaoQvWAJ"
quakeupdates,"USA, Australia, Indonesia, NZ & Japan",2019-12-16 16:44:25,,"A M5.1 earthquake has been reported by the USGS for 5km SSW of Sulop, Philippines. Link: https://t.co/yqUt6agh2J"
everyEarthquake,Earth,2019-12-16 16:44:02,"{'type': 'Point', 'coordinates': [125.3243, 6.5512]}","USGS reports a M5.1 #earthquake 5km SSW of Sulop, Philippines on 12/16/19 @ 16:21:53 UTC https://t.co/sCvmsPFXpp #quake"
earthquakeBot,Everywhere,2019-12-16 16:44:01,"{'type': 'Point', 'coordinates': [125.3243, 6.5512]}","A 5.1 magnitude earthquake occurred 3.11mi SSW of Sulop, Philippines. Details: https://t.co/CBcqir9qvY Map: https://t.co/13Mi0Y8g37"
earthshook,,2019-12-16 16:43:57,"{'type': 'Point', 'coordinates': [125.3243, 6.5512]}","Mww 5.1 earthquake (reviewed) occured at 2019-12-16T16:21:53 UTC, 5km SSW of Sulop, Philippines https://t.co/ktFbg6DAMh"
Cultureifyer,,2019-12-16 16:43:55,,"A 5.10 magnitude earthquake has occurred near Sulop, Davao Region, Philippines at 12/16/19, 11:21 AM https://t.co/RIgkvZsRhJ"
quakelogic,"Roseville, CA",2019-12-16 16:43:47,,"Quake alert! A 5.1 magnitude earthquake occurred 5km SSW of Sulop, Philippines. Visit Us: https://t.co/BbxsrAAI1W‚Ä¶ https://t.co/6JYwVRcTI6"
LastQuake,"based in Paris, works globally",2019-12-16 16:43:33,"{'type': 'Point', 'coordinates': [125.42, 6.59]}",M5.1 #earthquake (#lindol) strikes 58 km S of #Davao (#Philippines) 22 min ago. Read eyewitnesses' stories &amp; share‚Ä¶ https://t.co/NboDt0RRkZ
NewEarthquake,Worldwide,2019-12-16 16:43:12,"{'type': 'Point', 'coordinates': [125.3243, 6.5512]}","5.1 earthquake, 5km SSW of Sulop, Philippines. 2019-12-17 00:21:53 at epicenter (22m ago, depth 10km). https://t.co/nVxDVhlJXa"
2536luis, California USA,2019-12-16 16:41:50,,"Magnitude 5.0 - 4km ENE of Tanlad, Philippines ‚Ä¢ Earthquake  https://t.co/oE6Ro0Vtta"
therightblue,Hawaii-Kohala Coast-Big Island,2019-12-16 16:38:26,,Searchers Try to Find Earthquake Victims in Philippines - The New York Times https://t.co/o4YOuqXHYu
Sutathu,India,2019-12-16 16:38:24,,"Earthquake kills a child, injures several in Philippines    https://t.co/TTdewYcLRR"
Only1Jeanne,London Town - UK,2019-12-16 16:38:01,,At least two people found dead in supermarket rubble after strong earthquake in the Philippines  https://t.co/iAtmKdbIre
LastQuake,"based in Paris, works globally",2019-12-16 16:37:05,"{'type': 'Point', 'coordinates': [125.42, 6.59]}",M5.1 #earthquake (#lindol) strikes 58 km S of #Davao (#Philippines) 15 min ago. Effects reported by eyewitnesses: https://t.co/6UzJRxOtBv
quakeupdates,"USA, Australia, Indonesia, NZ & Japan",2019-12-16 16:32:28,,"A M5.1 earthquake has been reported by the AGGA for Mindanao, Philippines. Link: https://t.co/F9q49bo44z"
NCseismicobserv,"IRD Noumea, New Caledonia",2019-12-16 16:32:19,,"ird2019yowz Mindanao, Philippines mb 5.0 2019/12/16 16:21:56 - Event has not yet been reviewed by a seismologist. F‚Ä¶ https://t.co/MKKr78JwD7"
LeeCourtney990,,2019-12-16 16:31:57,,6-year-old girl among 3 killed as 6.8-magnitude earthquake rocks southern Philippines https://t.co/EGdF9gr2Z3
Kevbation,Cities Skylines,2019-12-16 16:30:52,,"Earthquake M4.8 - Mindanao, Philippines - Mon, 16 Dec 2019 16:21:55 UTC (00:21 GMT+08:00) - 8 minutes ago
more info‚Ä¶ https://t.co/1FAKMl0ZJJ"
quakeupdates,"USA, Australia, Indonesia, NZ & Japan",2019-12-16 16:30:29,,"A M4.8 earthquake has been reported by the GEOFON for M 4.8, Mindanao, Philippines. Link: https://t.co/tiqonpfcXh"
eqgr,"Athens, Greece",2019-12-16 16:30:07,,"4‚É£8‚É£ üáµüá≠ Earthquake Mw 4.8, 17/12 00:21, depth: 10 Km, MINDANAO, PHILIPPINES (Source: GFZ Potsdam) #earthquake -‚Ä¶ https://t.co/LxDAYGWFQa"
LastQuake,"based in Paris, works globally",2019-12-16 16:29:47,"{'type': 'Point', 'coordinates': [125.39, 6.61]}","This is the 10th felt #earthquake in Mindanao, Philippines in the last 35 hours https://t.co/wPtMW5ND1t"
LastQuake,"based in Paris, works globally",2019-12-16 16:29:40,"{'type': 'Point', 'coordinates': [125.39, 6.61]}",Felt #earthquake (#lindol) M4.8 strikes 57 km SW of #Davao (#Philippines) 8 min ago. Please report to:‚Ä¶ https://t.co/GbTm0k3dZK
EMSC,"Bruy√®res-Le-Chatel, France",2019-12-16 16:29:38,,#Earthquake (#lindol) M4.8 strikes 57 km SW of #Davao (#Philippines) 8 min ago. More info: https://t.co/iOwIHvTHdE
myearthquakeapp,Earth,2019-12-16 16:29:25,,"4.81 earthquake occurred near Mindanao, Philippines at 16:21 UTC! #earthquake #Mindanao https://t.co/Bgx0fzhrLn"
Shefani_Gwake,United States,2019-12-16 16:28:36,,"@BCWildfireWkly
""At least two people found dead in supermarket rubble after strong earthquake in the Philippines""  https://t.co/8AkuUQl9fF"
quakeupdates,"USA, Australia, Indonesia, NZ & Japan",2019-12-16 16:25:25,,"A M5.3 earthquake has been reported by the BMKG for Mindanao, Philippines. Link: https://t.co/uvJVkmI6cM"
SandnSpice,WorldWide,2019-12-16 16:25:08,,"2013 Loboc Earthquake - An energy equivalent to 32 Hiroshima bombs
https://t.co/Kiavqssbz3

No wonder the Filipinos‚Ä¶ https://t.co/x7FRRbUyIC"
champbontia,"√úT: 7.090321,125.498823",2019-12-16 16:22:41,,Reading articles like this one raises my anxiety levels https://t.co/HHoZVXTQbC
cheybgyul,,2019-12-16 16:20:41,,"@qtsvnflower its an earthquake here in mindanao, Philippines huhu"
GoBGR,Nashville,2019-12-16 16:17:11,,"A 6.9 magnitude #earthquake hit the Philippines on Sunday, December 15. BGR relief teams are distributing emergency‚Ä¶ https://t.co/4yG8bzCgDQ"
CARE,Atlanta,2019-12-16 16:07:45,,"CARE is responding to food, WASH, shelter, mental health, and safety needs in the aftermath of a 6.9-magnitude eart‚Ä¶ https://t.co/6wMyNrAc6y"
FOX40,"Sacramento, CA",2019-12-16 15:58:59,,6-year-old girl among 3 killed as 6.8-magnitude earthquake rocks southern¬†Philippines https://t.co/nnOjaOMyHc
RadioFire404,Decatur GA,2019-12-16 15:54:50,,At least two people found dead in supermarket rubble after strong earthquake in the Philippines https://t.co/g8HBJ1PGls
tvtexts1,Germany,2019-12-16 15:50:00,,"#Philippines #earthquake:Region has been hit by four other #quakes since #October
https://t.co/1NRcsio55X"
JrmChenu,,2019-12-16 15:48:12,,Powerful #earthquake hits #Philippines - USA TODAY https://t.co/kmFw4K7A7J
Otinen,Canada,2019-12-16 15:42:56,,"""At least two people found dead in supermarket rubble after strong earthquake in the Philippines""  https://t.co/SIOAOyzm3L"
fullbiggy,"Kansas, USA",2019-12-16 15:38:19,,Powerful earthquake hits Philippines https://t.co/V2haovTxg7
WLOS_13,"Asheville, NC",2019-12-16 15:30:00,,"A strong earthquake jolted the southern Philippines on Sunday, killing at least one person and causing a three-stor‚Ä¶ https://t.co/Kc9ibDi1L2"
Nmtg_IGot1D,PhiliPENIS,2019-12-16 15:20:29,,@softcuddlix I'll let you know if I see any for worldwide! Yeah I'm from the Philippines. I'm safe don't worry! üíö T‚Ä¶ https://t.co/KjiqiJZ6oi
Villanelle27,,2019-12-16 15:19:34,,Philippines mutuals are y‚Äôall okay? I saw on the news of a 6.8 earthquake that hit in the southern parts of it.
gridpointwx,"New York, USA",2019-12-16 15:19:05,,"WorldView: New Zealand #VOLCANO investigation, Philippines #EARTHQUAKE, and more https://t.co/CTWovM8BLd"
gene038,,2019-12-16 15:18:48,,https://t.co/xDrKZAdAAe Death toll rises in southern Philippines earthquake
TimMelino,NY,2019-12-16 15:18:28,,"WorldView: New Zealand #VOLCANO investigation, Philippines #EARTHQUAKE, and more https://t.co/9eHhC0BE7c #GPWX"
softcuddlix,,2019-12-16 15:18:00,,"@Nmtg_IGot1D ahh i'm not, but it's okay! at least i know now that it may be sold in stores, thanks so much:) are yo‚Ä¶ https://t.co/41qCTm8R9z"
WatsupAmericas,The America's.,2019-12-16 15:15:08,,"Latest: WorldView: New Zealand volcano investigation, Philippines earthquake, and more https://t.co/kL77GiJA7X"
wARdskiBidu,123 10,2019-12-16 15:07:36,,"Quite an interesting read.

https://t.co/3V9SgJozAF"
wlsam890,"Chicago, IL",2019-12-16 15:05:03,,A magnitude 6.9 earthquake struck parts of Mindanao in the Philippines yesterday afternoon. https://t.co/0odruUSwvl
lindolmo,"Quezon City, Philippines",2019-12-16 14:59:17,,"Earthquake Info from USGS - M 4.6 - 10km SSW of Magsaysay, Philippines https://t.co/GimWldIWuj"
MusicForRelief,Los Angeles,2019-12-16 14:58:31,,The #Philippines sits on the geologically active Pacific ‚ÄúRing of Fire‚Äù and experiences frequent tremors.‚Ä¶ https://t.co/nxWWo3Qqsm
catholicnews1,,2019-12-16 14:56:44,,#BreakingNews Earthquake in the Philippines leaves many Victims as the Nation joins in Prayer https://t.co/3aJ8kxlrR8
JESUSCARITASEST,,2019-12-16 14:56:40,,#BreakingNews Earthquake in the Philippines leaves many Victims as the Nation joins in Prayer https://t.co/UFOWRQxNeq
SaveChildrenCan,Canada,2019-12-16 14:52:23,,We're deploying a team to earthquake affected areas in the  #Philippines to assess the damage. We are deeply concer‚Ä¶ https://t.co/VO5cqUqXBb
EMSC,"Bruy√®res-Le-Chatel, France",2019-12-16 14:52:10,,Update: M4.6 #earthquake (#lindol) strikes 67 km SW of #Davao (#Philippines) 1hr 4min ago. https://t.co/rgjXCzPmns
drocktrot,"Brooklyn, NY (Bed-Stuy)",2019-12-16 14:47:35,,Powerful earthquake hits Philippines https://t.co/Z09XTdEBin via @USATODAY
GBNReports,International,2019-12-16 14:46:59,,"A swimming pool spills over as a powerful earthquake rocked the Philippines.

At least one person died and a three-‚Ä¶ https://t.co/tpc2s30I77"
Aussie_Anzac,"Queensland, Australia",2019-12-16 14:45:06,,6.9-magnitude earthquake hits Philippines https://t.co/a31fLNtKus via @YouTube
realmrsjeon_,,2019-12-16 14:41:58,,"so I was watching our local news a while ago, the news was about the earthquake in a certain place here in the Phil‚Ä¶ https://t.co/cCKDXGWRbg"
ChristinaSinha,"Sacramento, CA",2019-12-16 14:34:40,,Fatal Earthquake Measuring 6.8 Magnitude Strikes Philippines https://t.co/bh4jHp5vF8
ijournal,"San Diego, CA",2019-12-16 14:32:09,,Hunt for Survivors Underway After Earthquake Hits Philippines Island Trade Building https://t.co/bPcgiVsXPA
ResisTance_313,landofpeace,2019-12-16 14:31:02,,"Almanar TV, 15/12/2019
Southern Philippines hit by 6.8 magnitude earthquake: USGS
https://t.co/SEqjZ5SSFe https://t.co/V6aqx97e6I"
air1news,,2019-12-16 14:31:00,,"A strong earthquake hit the Philippines, causing a three-story building to collapse, setting off a search for peopl‚Ä¶ https://t.co/g31nVsfqiS"
Packetnet_SA,,2019-12-16 14:28:25,,At least 3 killed during powerful 6.8-magnitude earthquake in southern Philippines https://t.co/d9AuP1s6tY
ImDetectiveElle,Republic of the Philippines,2019-12-16 14:27:18,,"@zooperjunior @shfly3424 The earthquake happened in Mindanao, Philippines. The Luzon area which the SS8 was held wa‚Ä¶ https://t.co/jJE9ZXFeFj"
AALTAMI33518104,,2019-12-16 14:26:28,,"""At least two people found dead in supermarket rubble after strong earthquake in the Philippines""  https://t.co/u5dWEsM6jQ"
TheLastDays777,,2019-12-16 14:19:14,,"(Luke 21:11)
#Philippines: Powerful 6.8 Earthquake Hits Island of Mindanao, 1 Killed, Buildings Damaged‚Ä¶ https://t.co/I0nrmQQ6OE"
MichaelStawicki,K√∂nigswinter,2019-12-16 14:18:40,,"Powerful Earthquake And Swarm Hits Philippines, Yellowstone Hit by M3.8 ... https://t.co/xnrgRAFvtR via @YouTube"
KSMANN,USA ,2019-12-16 14:17:02,,Philippines earthquake: Rescuers search for missing people under building rubble https://t.co/h22ZgitEBs
VIPortalINC,"Nairobi, Kenya",2019-12-16 14:08:08,,Searchers Try to Find Earthquake Victims in Philippines https://t.co/plhSr9wX9P https://t.co/yQLqJQCQix
EMSC,"Bruy√®res-Le-Chatel, France",2019-12-16 14:07:40,,#Earthquake (#lindol) M3.7 strikes 39 km NE of #Koronadal (#Philippines) 20 min ago. More info: https://t.co/rgjXCzPmns
DINAHTO16725596,,2019-12-16 14:06:57,,Deadly earthquake strikes southern Philippines #Topbuzz https://t.co/sYMlk0J1KS
Rebecca26675676,,2019-12-16 14:03:23,,People Rush for Cover as Earthquake Rocks Davao City in the Philippines https://t.co/3WXqZ72q9f via @Yahoo
humcoalition,"Ottawa, Canada",2019-12-16 14:03:18,,"Another earthquake struck the Philippines on the weekend, leaving at least 3 dead. Our members are already active i‚Ä¶ https://t.co/777JngBSaE"
USGS_HDDS,"USGS/EROS, Sioux Falls SD",2019-12-16 14:00:06,,68 scenes of WORLDVIEW ingested to HDDS for event 201911_Earthquake_PHL #earthquake #Philippines‚Ä¶ https://t.co/BL0SOSnQDC
lindolmo,"Quezon City, Philippines",2019-12-16 13:59:08,,"Earthquake Info from USGS - M 4.6 - 7km SW of Magsaysay, Philippines https://t.co/eGTCrWJEv2"
robinsnewswire,RT's Are FYI Purposes Only,2019-12-16 13:57:30,,Aftershocks hamper earthquake rescue efforts in southern Philippines https://t.co/l9qMWLelWw #Earthquake
Corpo_Insider,D√ºsseldorf-Monte Carlo- C/gena,2019-12-16 13:48:04,,Death toll rises in southern Philippines earthquake https://t.co/sTjBhocUOM https://t.co/y69pArCrOs
DissentW,,2019-12-16 13:46:14,,Philippines: Drone footage captures Padada earthquake aftermath https://t.co/4eWf68FPfx
Rosemary913,"Upper Darby, PA",2019-12-16 13:43:38,,https://t.co/3fpV8UdpJE Death toll rises in southern Philippines earthquake
saori_ph,Life is Here ;),2019-12-16 13:42:50,,M 6.8 Earthquake Philippines 15 Dec 2019 https://t.co/RfCeHTtrld
BagalueSunab,Jamaica- Trinidad &Tobago,2019-12-16 13:40:55,,"Philippines earthquake leaves three dead and continues search for missing
Sunday's tremor cracked schools, collapse‚Ä¶ https://t.co/q6hVNXuYxa"
ABCWorldNews,New York,2019-12-16 13:39:15,,"A swimming pool spills over as a powerful earthquake rocked the Philippines.

At least one person died and a three-‚Ä¶ https://t.co/XUn7mRnT34"
nytimesworld,"New York, London, Hong Kong",2019-12-16 13:26:03,,Rescuers on Monday raced to reach several people believed trapped inside a supermarket that crumbled as a magnitude‚Ä¶ https://t.co/GL4MbbnIQA
deenay1o,,2019-12-16 13:25:43,,"Al Jazeera English: Deadly earthquake strikes southern Philippines.
https://t.co/ojNKM3JqGL

via @GoogleNews"
earthquakeinfo,,2019-12-16 13:20:02,,"Earthquake - M 4.5 - 215km SE of Tabiauan, Philippines https://t.co/fBSelk9wLt"
SAcoustica,,2019-12-16 13:20:01,,So very sad. https://t.co/78vZsZUzzJ
WLOS_13,"Asheville, NC",2019-12-16 13:20:00,,"A strong earthquake jolted the southern Philippines on Sunday, killing at least one person and causing a three-stor‚Ä¶ https://t.co/ZoMtgXSjvn"
teenakristeenaa,Swimming Pool,2019-12-16 13:17:46,,#PrayersForDavao  üôèüèªüôèüèªüôèüèªmagnitude 6.9 earthquake  #Earthquake  #EarthquakePh  #EarthquakeDavaoDelSur #Philippines üáµüá≠ https://t.co/jPqfU8M7Vd
KTVN,"Reno, Nevada",2019-12-16 13:15:52,,Rescuers have pulled out two bodies from a three-story building that collapsed in a strong earthquake in the southe‚Ä¶ https://t.co/Zd8iVE6L2B
everyEarthquake,Earth,2019-12-16 13:04:01,"{'type': 'Point', 'coordinates': [125.1409, 6.7122]}","USGS reports a M4.6 #earthquake 7km SW of Magsaysay, Philippines on 12/16/19 @ 12:34:02 UTC https://t.co/epXIV56EYt #quake"
quakeupdates,"USA, Australia, Indonesia, NZ & Japan",2019-12-16 13:03:25,,"A M4.6 earthquake has been reported by the USGS for 7km SW of Magsaysay, Philippines. Link: https://t.co/FLOVPn8sVd"
DavaoPH,"Davao, Philippines",2019-12-16 13:03:14,"{'type': 'Point', 'coordinates': [125.1409, 6.7122]}","4.6 earthquake, 7km SW of Magsaysay, Philippines. 2019-12-16 20:34:02 at epicenter (30m ago, depth 10km). https://t.co/vpzAOkFm3N"
earthshook,,2019-12-16 13:02:15,"{'type': 'Point', 'coordinates': [125.1409, 6.7122]}","Mb 4.6 earthquake (reviewed) occured at 2019-12-16T12:34:02 UTC, 7km SW of Magsaysay, Philippines https://t.co/2RhZWZMcZj"
EMSC,"Bruy√®res-Le-Chatel, France",2019-12-16 13:02:06,,Update: M4.6 #earthquake (#lindol) strikes 66 km SW of #Davao (#Philippines) 28 min ago. https://t.co/mZqBWtSKiA
FISMNews,United States,2019-12-16 13:00:38,,6.8-Magnitude Earthquake Hits Southern Philippines https://t.co/UYHtfTJn7U (U.S. Geological Survey/Google) https://t.co/hzcUYjIzCv
YahooPH,Philippines,2019-12-16 13:00:00,,"WATCH: This is the terrifying moment an electrical transformer exploded after an earthquake hit the Mindanao.
https://t.co/ogxCUl3m8M"
APFMagazine,Yeovil,2019-12-16 12:59:50,,Powerful 6.8 earthquake hits¬†Philippines https://t.co/fo9A6GFKbF https://t.co/ncgvskINYv
myearthquakeapp,Earth,2019-12-16 12:57:55,,"4.1 earthquake occurred near Mindanao, Philippines at 12:34 UTC! #earthquake #Mindanao https://t.co/fwTtD7WCA5"
ManilaTOURISTS,#Pinas #PI #PH #PHtourist.com,2019-12-16 12:57:38,,"IF built to #BuildingCode could
stand #EarthquakeLindol üò≥
#PHbukoNewsüå¥
#2019DecPHüå¥
#DavaoCity #PHmalls
6.9‚Ä¶ https://t.co/TCtiOhOgJg"
EMSC,"Bruy√®res-Le-Chatel, France",2019-12-16 12:57:31,,#Earthquake (#lindol) M4.1 strikes 41 km NE of #Koronadal (#Philippines) 23 min ago. More info: https://t.co/mZqBWtSKiA
iveygirl08,"North Carolina, USA",2019-12-16 12:56:04,,Powerful earthquake hits Philippines https://t.co/EA6FJ0JJem via @usatoday
frontier2ban,en Brasil,2019-12-16 12:52:14,,Powerful earthquake hits Philippines https://t.co/itsTKKm82z via @usatoday
tiniskwerl,Northern California USA,2019-12-16 12:40:52,,"#Philippines #Earthquake
Rpt At Least 7 Dead 37 Injured
As Result Sun M6.8 #QuakePH
06:11 GMT 3 mi SE of #Magsaysay‚Ä¶ https://t.co/wRz5rtCKZI"
republic,"Mumbai, India",2019-12-16 12:37:53,,Philippines earthquake: Rescuers search for missing people under building rubble https://t.co/7eZpkIwp3X
LucianoOlivares,,2019-12-16 12:35:29,,"#Sismo #Earthquake #PrevencionFF M 5.0 - 4km ENE of Tanlad, Philippines
https://t.co/EYSY4MYj7Y"
EnnDai,,2019-12-16 12:31:10,,CAUGHT ON CAMERA: Strong impact of 6.9 magnitude earthquake in Philippines https://t.co/klOqUrMNU1
June4th,"Burnley, Lancashire",2019-12-16 12:30:41,,At least two people found dead in supermarket rubble after strong earthquake in the Philippines https://t.co/ArzHWbkebe
SakalMediaNews,"595, Budhwar Peth, Pune",2019-12-16 12:30:26,,"A 6.8-magnitude earthquake hit southern #Philippines causing several deaths and injuries.

#sakal #sakalnews #Viral‚Ä¶ https://t.co/ncjch8AtoM"
anewscomtr,,2019-12-16 12:30:09,,Rescuers in the southern Philippines used heavy equipment and their bare hands on Monday in hopes of finding severa‚Ä¶ https://t.co/ltlxaGi36X
AFP,France,2019-12-16 12:30:00,,Rescuers in the southern Philippines used heavy equipment and their bare hands on Monday as they searched for sever‚Ä¶ https://t.co/WgJOXy6FPZ
mallikaultravio,Dubai,2019-12-16 12:29:18,,"The Philippines is situated on the Pacific ""Ring of Fire"", an arc of intense seismic activity that stretches from J‚Ä¶ https://t.co/EcFLCt0Vkx"
jmxiie,Republic of the Philippines,2019-12-16 12:28:13,,"trans:
""We just came back from receiving so much affection from Philippines yesterday, but it's miserable to think‚Ä¶ https://t.co/SoIXuIIjXB"
JMoota,,2019-12-16 12:24:58,,Strong Earthquake Hits the Southern Philippines https://t.co/OGXewg2qiN
tiniskwerl,Northern California USA,2019-12-16 12:23:43,,"#Philippines #Earthquake
7 #Quakes M5+
Dec16/UTC
M5.0 4km ENE of #Tanlad 08:53
Dec15
M5.3 3km SW of #Kiblawan 12:38‚Ä¶ https://t.co/Ga4yaIxZPY"
JMoota,,2019-12-16 12:23:07,,Searchers Try to Find Earthquake Victims in Philippines https://t.co/YP93EfxhiR
PokerCenter,Germany/Deutschland,2019-12-16 12:22:09,,Philippines earthquake: Powerful 6.8-magnitude quake strikes near Davao City. One child reported to have died and a‚Ä¶ https://t.co/IfEP8VHLpy
DylanZeroSky,"Clarksville, TN",2019-12-16 12:21:10,,Praying for all my friends in the Philippines after the Earthquake that happened. Sana ligtas kayong lahat.‚úä
wontshutmeup,Lost in the bayouüêä Happy Wife,2019-12-16 12:18:26,,"Did Trump really cause the earthquake in the Philippines??

Asking for a liberal Democrat......"
KLOVEnews,,2019-12-16 12:18:00,,"A magnitude 6.9 earthquake jolted the southern Philippines, claiming at least 1 life and causing a three-story buil‚Ä¶ https://t.co/gxixxkrWrS"
Sean_Blackwolf,USA,2019-12-16 12:17:33,,Prayers for the people affected by the earthquake in the Philippines https://t.co/0EImeaCNeC
sakaltimes,"Maharashtra, India",2019-12-16 12:15:08,,"A 6.8-magnitude #earthquake hit southern #Philippines causing several deaths and injuries.

#sakal #sakalnews‚Ä¶ https://t.co/kVEQ0fnV3u"
t_smutek,,2019-12-16 12:14:42,,@theclumsygeek hey just saw on Google news that they had a earthquake near the Philippines are you and your family‚Ä¶ https://t.co/wZ77Q6LlJD
tinathemelis,Greece ,2019-12-16 12:14:30,,"#Philippines earthquake..
They're cool and composed! https://t.co/HJenM6nAcx"
Kito_Bokunoy,ÂçÉËëâÁúå,2019-12-16 12:13:22,,Searchers Try to Find Earthquake Victims in Philippines https://t.co/jajWjcAOXf
93wibc,"Indianapolis, IN",2019-12-16 12:10:58,,NEWS: Six-Year-Old Girl Among Three Killed As 6.8 Earthquake Rocks Southern Philippines https://t.co/Dm3mIrKScr https://t.co/o0PLoZPhWA
Ruptly,"Berlin, Germany",2019-12-16 12:04:14,,"Drone footage captures #Padada earthquake aftermath
#Philippines https://t.co/f3UVaAgSFH"
utternik,,2019-12-16 12:01:58,,Find out what people think about this Story - At least one dead after 6.8-magnitude earthquake rocks southern Phili‚Ä¶ https://t.co/BGAeiKWBgb
Fun_Realmadrid,Espa√±a,2019-12-16 12:00:51,,"We want to send all our love to the victims of the last earthquake in the Philippines, which has affected Padada, H‚Ä¶ https://t.co/jNVjnTyUAY"
TheNationalUAE,"Abu Dhabi, UAE",2019-12-16 12:00:03,,Rescue efforts continue following 6.8 earthquake in the Philippines https://t.co/RiqnWzpCny
nnavajojohn,"charleston, sc",2019-12-16 11:59:44,,At least two people found dead in supermarket rubble after strong earthquake in the Philippines  https://t.co/rw5tTtoJTL
deborahblum,"Cambridge, MA",2019-12-16 11:55:45,,"At least five dead, more than 80 injured in weekend earthquake in the southern Philippines. https://t.co/mdoyepUHl1"
AymanMatNews,Kuwait,2019-12-16 11:54:54,,"#Philippines #earthquake: Death toll reaches 4, dozens  injured.. https://t.co/bEL3WzVVVK"
WeLoveChoiSiwon,Republic of the Philippines,2019-12-16 11:53:42,,"191216 - Siwon twitter update: ""I would like to express my condolences to my brothers and sisters in the Philippine‚Ä¶ https://t.co/5nZUluANax"
BryanPolovick,"Homeland, CA",2019-12-16 11:50:19,,I hope everyones OK after the 6.8 earthquake took place in Philippines. Please be safeüôè
FateIncle,SS8~CROSS Tour,2019-12-16 11:50:16,,"@sajaelfish @AllRiseSilver @donghae861015 @shfly3424 6.9 earthquake in Mindanao, Philippines :(("
alvinrexlucero,Bayog and Pagadian City,2019-12-16 11:48:08,,Can you confirm this analysis Engr. Allan Rommel Labayog? https://t.co/oBULDrjErs
QuickTake,,2019-12-16 11:43:04,,"WATCH: A 6.8 magnitude earthquake struck the Davao del Sur province in the southern Philippines, killing at least 5‚Ä¶ https://t.co/ha9pU9E9Oo"
tiniskwerl,Northern California USA,2019-12-16 11:41:08,,"#Philippines M 6.8 #Earthquake Sun
At least 3 dead incl 6yo girl in family home when building collapsed 
2 Bodies p‚Ä¶ https://t.co/U1ImOFIgzv"
Keith_Event,,2019-12-16 11:39:19,,"I think Event: Earthquake has occurred in Tanlad Philippines
Mon Dec 16 05:36:38 2019 CDT https://t.co/EO5YEpuGLt"
crewislife,Fact Based World,2019-12-16 11:37:05,,Via @nytimes: Searchers Try to Find Earthquake Victims in Philippines https://t.co/d3CxVa9u27 https://t.co/AGKS5R7VvM
poandpo,World,2019-12-16 11:35:08,,At least 7 people killed after earthquake in Philippines https://t.co/W6vzDVEmUy #News https://t.co/eQQT8822Zi #721
WFSBnews,"Rocky Hill, Connecticut",2019-12-16 11:31:57,,"CT lawmakers head to a special session, the full House is expected to vote on impeachment articles and an overnight‚Ä¶ https://t.co/UfnZHGMyU0"
TTW_ezine,"Kolkata, India",2019-12-16 11:31:16,,"6.8-magnitude earthquake in southern Philippines, 3 killed https://t.co/qjLx0TqyzX"
FidesNewsAgency,,2019-12-16 11:31:02,,ASIA/PHILIPPINES - Prayer and solidarity for the earthquake victims in Mindanao https://t.co/vXe2uvFJ2Y https://t.co/zK0XtcwNKn
levaly2,,2019-12-16 11:29:02,,Philippines hunts for survivors after earthquake levels building @AJENews  https://t.co/FzCDBOmupK
AmeGaspa,Europa,2019-12-16 11:26:16,,Philippines hunts for survivors after earthquake levels building https://t.co/Ria6FFn6xP di @YouTube Visit ‚òÖ‚Ä¶ https://t.co/URjAc0mVCS
Nepal_News_En,"Kathmandu, Nepal",2019-12-16 11:22:10,,RatoPati: 7 people killed in Southern Philippines' earthquake - https://t.co/wyHkRhQ3zE
joann_seg,"Cagayan de Oro, Philippines",2019-12-16 11:17:34,,Four large quakes in two months jolt southern Philippines | https://t.co/GApRyc3NQ1 https://t.co/y2Pdj4eG2V
Rahul_news4me,India,2019-12-16 11:17:32,,Searchers Try to Find Earthquake Victims in¬†Philippines https://t.co/tcJyTCsXyG https://t.co/3KgqOGy2zv
BreakingNews219,,2019-12-16 11:15:04,,Searchers Try to Find Earthquake Victims in Philippines https://t.co/LnAuDbPbuN https://t.co/S7ll2p5MG5
trtworld,,2019-12-16 11:15:00,,Death toll from the earthquake on Philippine island rises to five as rescuers continue to look for survivors in a c‚Ä¶ https://t.co/TEKGaiUEyX
poandpo,World,2019-12-16 11:10:06,,At least 7 people killed after earthquake in Philippines https://t.co/W6vzDVEmUy #News https://t.co/eQQT8822Zi #582
EricdeMarylebon,"London, England",2019-12-16 11:06:11,,"""At least two people found dead in supermarket rubble after strong earthquake in the Philippines""  https://t.co/r5BDwN3Tq2"
myearthquakeapp,Earth,2019-12-16 10:56:24,,"4.4 earthquake occurred near Mindanao, Philippines at 10:37 UTC! #earthquake #Mindanao https://t.co/foJAULD7B2"
EMSC,"Bruy√®res-Le-Chatel, France",2019-12-16 10:56:02,,#Earthquake (#lindol) M4.4 strikes 65 km SW of #Davao (#Philippines) 19 min ago. More info: https://t.co/yExvqjDF46
EQAlerts,,2019-12-16 10:55:36,,"#Earthquake M4.4 002 km S 69¬∞ W of Kiblawan (Davao Del Sur) (Philippines) 16 Dec 10:37 UTC - report/info: 
https://t.co/poepjLPJc7"
RielAnn2545,,2019-12-16 10:52:08,,"Earthquake: 6.8 quake strikes near Hagonoy, Philippines https://t.co/NPdryqEuam"
Dongpyo_sMom,,2019-12-16 10:51:15,,SUPER JUNIOR TALKING ABOUT THE EARTHQUAKE HAPPENED IN THE PHILIPPINES MADE ME FEEL SO LOVED AND SPECIAL ü•∫ YOU ALWAY‚Ä¶ https://t.co/O7oZhCdDxO
maryorimendoz19,v,2019-12-16 10:49:10,,Philippines hunts for survivors after earthquake levels building https://t.co/D8xaMrHfN0 https://t.co/WkyKWenYal
QuickTake,,2019-12-16 10:47:35,,Rescue efforts continue in the Philippines after a 3-story building collapsed when a 6.9-magnitude earthquake hit t‚Ä¶ https://t.co/R5QgycUbGx
Kataeb_Eng,"Beirut, Lebanon",2019-12-16 10:45:03,,AFP citing USGS: Southern Philippines hit by 6.9 magnitude earthquake
quakeupdates,"USA, Australia, Indonesia, NZ & Japan",2019-12-16 10:40:27,,"A M4.9 earthquake has been reported by the BMKG for Mindanao, Philippines. Link: https://t.co/uvJVkmI6cM"
poandpo,World,2019-12-16 10:35:06,,At least 7 people killed after earthquake in Philippines https://t.co/W6vzDVEmUy #News https://t.co/eQQT8822Zi #850
sciasianews,Asia,2019-12-16 10:34:19,,Save the Children is worried for the welfare of more than 1m children in southern #Philippines following Sunday‚Äôs d‚Ä¶ https://t.co/shjqICgp0g
DrSonamsharma,"‡§®‡§µ‡•Ä ‡§Æ‡•Å‡§Ç‡§¨‡§à, ‡§≠‡§æ‡§∞‡§§",2019-12-16 10:33:15,,Searchers Try to Find Earthquake Victims in Philippines by BY JASON¬†GUTIERREZ https://t.co/qFt46ZIoXS https://t.co/xha9aa6y5u
UcanewsOrg,,2019-12-16 10:31:05,,A #Catholic priest has been reported hurt while at least four people died when an #earthquake of 6.9 magnitude stru‚Ä¶ https://t.co/ylDl1RmweW
IBTimes,"New York, NY",2019-12-16 10:30:08,,#PhilippinesEarthquake Presidential Spokesperson Salvador Panelo urges residents to remain calm but wary of aftersh‚Ä¶ https://t.co/ZqgUUPFkPX
TRF_Stories,Global,2019-12-16 10:26:52,,Rescue teams in the southern Philippines searched for signs of life on Monday in a collapsed shopping centre after‚Ä¶ https://t.co/IzYZBGuxt6
grand_hotelier,,2019-12-16 10:26:04,,Deadly earthquake rocks Philippines https://t.co/FBf3fOCQFt https://t.co/YZOpjqh619
AntonCountrySup,,2019-12-16 10:24:53,,At least two people found dead in supermarket rubble after strong earthquake in the Philippines‚Ä¶ https://t.co/YeYjCqnyrP
garjunp,"Hyderabad, India",2019-12-16 10:20:17,,Searchers Try to Find Earthquake Victims in Philippines by BY JASON¬†GUTIERREZ https://t.co/r1xuPvSeaW https://t.co/kMkMjIPKSP
BWebazine,Hong Kong,2019-12-16 10:16:40,,Searchers Try to Find Earthquake Victims in¬†Philippines https://t.co/OERRDQnrPg https://t.co/helw8QmDwp
ditrianum,The Netherlands,2019-12-16 10:15:37,,M 6.8 Earthquake Philippines 15 Dec 2019 https://t.co/XudcqkkLpk
theborneopost,"Malaysia, Sarawak, Kuching",2019-12-16 10:15:02,,Philippines earthquake: No Malaysians affected ‚Äì Wisma Putra https://t.co/mk9Cq1a8HN https://t.co/ogsGKgdYuY
poandpo,World,2019-12-16 10:10:05,,At least 7 people killed after earthquake in Philippines https://t.co/W6vzDVEmUy #News https://t.co/eQQT8822Zi #144
SCMPNews,Hong Kong,2019-12-16 10:08:38,,Death toll from Philippines earthquake rises to 3 as rescuers search rubble https://t.co/JjNJCLZjdM
garrovictor2003,"Moravia, Costa Rica.",2019-12-16 10:06:37,,Searchers Try to Find Earthquake Victims in Philippines https://t.co/Zz0cYCtQQz
huawei1238cloud,Hong Kong/China,2019-12-16 10:05:13,,"Death toll from Philippines quake rises to 3 as rescuers search rubble

https://t.co/l8vRFMrnZp"
rtv_blnd,Toxic Worldüåçüìç,2019-12-16 10:05:09,,Another earthquake in the Philippines üòü
epo_de,Berlin,2019-12-16 09:59:47,,Philippines hunts for survivors after earthquake levels building @AJENews  https://t.co/ePSve4yay7
GORDIBIRIZ,venezuela,2019-12-16 09:57:20,,Searchers Try to Find Earthquake Victims in Philippines https://t.co/tusYD2zHfh
earthquakevt,Worldwide üåé,2019-12-16 09:50:08,,"‚ö†Ô∏è#Philippinesüáµüá≠: A moderate #earthquake of magnitude Mww=5.0, was registered at 4KM ENE of #Tanlad, province of‚Ä¶ https://t.co/HES7KqIitt"
Barbara96913515,Stockholm,2019-12-16 09:49:09,,The quake was the third with a magnitude of 6.5 or higher to hit the province of Davao del Sur since late October‚Ä¶ https://t.co/N1x82orn7N
Barbara96913515,Stockholm,2019-12-16 09:48:36,,The quake was the third with a magnitude of 6.5 or higher to hit the province of Davao del Sur since late October‚Ä¶ https://t.co/Yq5aHtGZC1
PeninsulaQatar,Qatar,2019-12-16 09:48:14,,"Sunday's tremor cracked schools, toppled homes and injured dozens but largely spared big cities on the island of‚Ä¶ https://t.co/Y5qvXtn5zl"
nytimesworld,"New York, London, Hong Kong",2019-12-16 09:47:08,,The quake was the third with a magnitude of 6.5 or higher to hit the province of Davao del Sur since late October https://t.co/U41TrZv9LQ
my234Radio,"UK, USA, Jamaica and Nigeria",2019-12-16 09:43:12,,Philippines hunts for survivors after earthquake levels¬†building https://t.co/3t1QcE0ydB https://t.co/BOAPeeoeNB
GlobalCrisis20,"Eindhoven, the Netherlands",2019-12-16 09:43:11,,Video: Philippines hunts for survivors after earthquake levels building (Al Jazeera videos) https://t.co/bNxMMpS0cv
djokaymegamixer,"LAGOS, NIGERIA",2019-12-16 09:43:11,,Philippines hunts for survivors after earthquake levels¬†building https://t.co/vpa9SuPBpR https://t.co/mkuzteWF31
nytimes,New York City,2019-12-16 09:40:02,,"A magnitude-6.9 quake violently shook the southern Philippines, killing at least 3 people, officials said. Rescuers‚Ä¶ https://t.co/AZOmvc7FsL"
CAREGlobal,Global,2019-12-16 09:39:55,,"üì¢Another 6.8-magnitude #earthquake has hit #Mindanao, #Philippines, this weekend. 

@CAREphl just completed another‚Ä¶ https://t.co/iQj8AHliAy"
sscth,Up in the Air,2019-12-16 09:39:03,,"Siwon Twitter 191216
Trans
It's sad that (We've) just came back received love from everyone yesterday. I would like‚Ä¶ https://t.co/9TXEVmRBHp"
lethed2002,,2019-12-16 09:37:27,,Four large quakes in two months jolt southern Philippines | https://t.co/rbmor5kCf2 https://t.co/fvQZB1H1XH
Reptoid_Hunter,,2019-12-16 09:37:00,,"Powerful Earthquake And Swarm Hits Philippines, Yellowstone Hit by M3.8 ... https://t.co/1iv6LHwSJH via @dahboo7"
poandpo,World,2019-12-16 09:35:11,,Philippines jolted by 6.8-magnitude earthquake https://t.co/vGJK58jjo1 #News https://t.co/eQQT88jDQQ #843
poandpo,World,2019-12-16 09:35:05,,At least 7 people killed after earthquake in Philippines https://t.co/W6vzDVEmUy #News https://t.co/eQQT8822Zi #939
DrSonamsharma,"‡§®‡§µ‡•Ä ‡§Æ‡•Å‡§Ç‡§¨‡§à, ‡§≠‡§æ‡§∞‡§§",2019-12-16 09:33:47,,Searchers Try to Find Earthquake Victims in Philippines by BY JASON¬†GUTIERREZ https://t.co/fzelVkVbqn https://t.co/hKqua7Yj2K
bhanu_bhatnagar,Bangkok,2019-12-16 09:30:31,,QUOTE: Save the Children is worried for the welfare of more than 1m children in southern #Philippines following Sun‚Ä¶ https://t.co/nujgxZ7If5
Ruptly,"Berlin, Germany",2019-12-16 09:30:00,,"The hunt for survivors in the #Philippines is on, following a 6.8 magnitude earthquake https://t.co/ZAH4KrKNkj"
lindolmo,"Quezon City, Philippines",2019-12-16 09:29:07,,"Earthquake Info from USGS - M 5.0 - 4km ENE of Tanlad, Philippines https://t.co/gcSjQWQoFq"
SuccessThink1,Maryland,2019-12-16 09:27:55,,"""At least two people found dead in supermarket rubble after strong earthquake in the Philippines""  https://t.co/YHGovIPhzp"
j_dalencon,"La Reina, Regi√≥n Metropolitana",2019-12-16 09:26:29,,"NewEarthquake: 5.0 earthquake, 4km ENE of Tanlad, Philippines. 2019-12-16 16:53:31 at epicenter (21m ago, depth 26k‚Ä¶ https://t.co/fsNQkI8qpV"
KETV,"Omaha, Nebraska",2019-12-16 09:25:28,,6-year-old girl among 3 killed as 6.8-magnitude earthquake rocks southern Philippines https://t.co/vdDuWSM7rq https://t.co/a4TsuBZaGh
SismosVenezuela,"Caracas, Venezuela",2019-12-16 09:25:13,,"#Sismo 5.0 earthquake, 4km ENE of Tanlad, Philippines. 2019-12-16 16:53:31 at epicenter (21m ago, depth 26km).‚Ä¶ https://t.co/ORWcpfaR8r"
GiovanniRoi,"Milan,Italy",2019-12-16 09:24:14,,"Italy, Earthquake in the Philippines, the shock of magnitude 6.8: the waves in the pool are impressive. But if the‚Ä¶ https://t.co/4Q0EhEx3ny"
theBigSandbox,NYC,2019-12-16 09:23:49,,"I sense a new earthquake 4km ENE of Tanlad, Philippines, and its size was 1 Meier. To see this quake on a map, see:‚Ä¶ https://t.co/RMpSXPm7U8"
ElSelvatico,"Caracas, Venezuela",2019-12-16 09:23:23,,"#Sismo 5.0 earthquake, 4km ENE of Tanlad, Philippines. 2019-12-16 16:53:31 at epicenter (21m ago, depth 26km).‚Ä¶ https://t.co/BzIbHG7JSq"
LadyJ5569,United States,2019-12-16 09:21:17,,"""At least two people found dead in supermarket rubble after strong earthquake in the Philippines""  https://t.co/ZzVw3uJkg7"
T3MP3STT,"NEW ORLEANS, LOUISIANA",2019-12-16 09:20:37,,At least two people found dead in supermarket rubble after strong earthquake in the Philippines  https://t.co/qGNACjzObT
MonitoringA3M,"T√ºbingen, Deutschland",2019-12-16 09:20:32,,"Earthquake, Level 3, Moderate magnitude 5.0 M coastal earthquake at depth 25.66 km - Philippines‚Ä¶ https://t.co/ajgzq4UCnf"
Mo_Heidarzadeh,"London, England",2019-12-16 09:18:38,,Photos here show several #landslides following the M6.8 #Philippines earthquake. Almost always earthquakes trigger‚Ä¶ https://t.co/u3Ho0oOPDV
peter_mount,"√úT: 51.512407,-0.136951",2019-12-16 09:15:03,,"Mag 5 earthquake 4km ENE of Tanlad, Philippines
Time 2019-12-16 08:53:31 UTC
Depth 25.66km
Position 125¬∞ 28' 55"" E‚Ä¶ https://t.co/XamL4lJjWG"
everyEarthquake,Earth,2019-12-16 09:14:01,"{'type': 'Point', 'coordinates': [125.4821, 6.6238]}","USGS reports a M5 #earthquake 4km ENE of Tanlad, Philippines on 12/16/19 @ 8:53:31 UTC https://t.co/pl7wgn6sj0 #quake"
earthquakeBot,Everywhere,2019-12-16 09:14:01,"{'type': 'Point', 'coordinates': [125.4821, 6.6238]}","A 5.0 magnitude earthquake occurred 2.49mi ENE of Tanlad, Philippines. Details: https://t.co/w5Sqn5p5J2 Map: https://t.co/wM9Wk2REkV"
DavaoPH,"Davao, Philippines",2019-12-16 09:13:47,"{'type': 'Point', 'coordinates': [125.4821, 6.6238]}","5.0 earthquake, 4km ENE of Tanlad, Philippines. 2019-12-16 16:53:31 at epicenter (21m ago, depth 26km). https://t.co/O2SFrPrQNH"
NewEarthquake,Worldwide,2019-12-16 09:13:47,"{'type': 'Point', 'coordinates': [125.4821, 6.6238]}","5.0 earthquake, 4km ENE of Tanlad, Philippines. 2019-12-16 16:53:31 at epicenter (21m ago, depth 26km). https://t.co/ZYFrX4XzVx"
GZeroConspiracy,U.S.A,2019-12-16 09:13:38,,"6.8-magnitude quake rocks the Philippines 
https://t.co/tQtxVLBjyd"
quakelogic,"Roseville, CA",2019-12-16 09:13:36,,"Quake alert! A 5 magnitude earthquake occurred 4km ENE of Tanlad, Philippines. Visit Us: https://t.co/BbxsrAAI1W‚Ä¶ https://t.co/p6YTWVaS3l"
earthshook,,2019-12-16 09:13:31,"{'type': 'Point', 'coordinates': [125.4821, 6.6238]}","Mww 5 earthquake (reviewed) occured at 2019-12-16T08:53:31 UTC, 4km ENE of Tanlad, Philippines https://t.co/k0FvvOiuzO"
quakeupdates,"USA, Australia, Indonesia, NZ & Japan",2019-12-16 09:13:25,,"A M5.0 earthquake has been reported by the USGS for 4km ENE of Tanlad, Philippines. Link: https://t.co/8SyomlwN4A"
GlobalCrisis20,"Eindhoven, the Netherlands",2019-12-16 09:10:19,,Philippines hunts for survivors after earthquake levels building (Al Jazeera) https://t.co/lkaSUvCiIn
poandpo,World,2019-12-16 09:10:13,,Philippines jolted by 6.8-magnitude earthquake https://t.co/vGJK58AUMB #News https://t.co/eQQT8822Zi #175
poandpo,World,2019-12-16 09:10:02,,At least 7 people killed after earthquake in Philippines https://t.co/W6vzDVEmUy #News https://t.co/eQQT8822Zi #920
RussianInsight,Russia,2019-12-16 09:08:56,,Nearly 40 people injured in Philippines earthquake - newspaper https://t.co/BVfJMMDPbB
labeldne,otra + ss7,2019-12-16 09:08:49,,i was so shocked with oppa's posts i wonder what happened to our country (philippines) until i heard that mindanao‚Ä¶ https://t.co/1EFPvGNSPR
KelbenMedia,"Lagos, Nigeria",2019-12-16 09:03:07,,"News, earthquake, PhilipineTerrifying moment an electrical transformer EXPLODES as a 6.9 magnitude earthquake hits‚Ä¶ https://t.co/pSVjPUh7Kw"
LastQuake,"based in Paris, works globally",2019-12-16 09:02:42,"{'type': 'Point', 'coordinates': [125.38, 6.53]}","This is the 9th felt #earthquake in Mindanao, Philippines in the last 27 hours https://t.co/wPtMW5ND1t"
LastQuake,"based in Paris, works globally",2019-12-16 09:02:39,"{'type': 'Point', 'coordinates': [125.38, 6.53]}",Felt #earthquake (#lindol) M4.7 strikes 65 km SW of #Davao (#Philippines) 9 min ago. Please report to:‚Ä¶ https://t.co/Bj5wzh87ok
EMSC,"Bruy√®res-Le-Chatel, France",2019-12-16 09:02:30,,#Earthquake (#lindol) M4.7 strikes 65 km SW of #Davao (#Philippines) 9 min ago. More info: https://t.co/aMdABqqIbX
quakeupdates,"USA, Australia, Indonesia, NZ & Japan",2019-12-16 09:02:27,,"A M4.7 earthquake has been reported by the GEOFON for M 4.7, Mindanao, Philippines. Link: https://t.co/0UeSd2Ygtt"
myearthquakeapp,Earth,2019-12-16 09:02:24,,"4.68 earthquake occurred near Mindanao, Philippines at 08:53 UTC! #earthquake #Mindanao https://t.co/4GzoBV5gjX"
quakeupdates,"USA, Australia, Indonesia, NZ & Japan",2019-12-16 09:01:27,,"A M5.0 earthquake has been reported by the BMKG for Mindanao, Philippines. Link: https://t.co/uvJVkmI6cM"
NZStuff,New Zealand,2019-12-16 09:00:02,,"3 dead, more missing in building downed by Philippines earthquake https://t.co/kWMiHYxsCk"
GeoBalocchi,,2019-12-16 08:59:47,,"In the past two months, four #earthquakes between magnitude-6.4 to -6.8 ruptured southwest of #MountApo, a quiet‚Ä¶ https://t.co/OcTpkiV6Ap"
robinsnewswire,RT's Are FYI Purposes Only,2019-12-16 08:57:11,,Rescuers search building rubble after Philippines earthquake https://t.co/i4942y8tR8 #Earthquake
robinsnewswire,RT's Are FYI Purposes Only,2019-12-16 08:57:11,,Southern Philippines hit by 6.8 magnitude earthquake https://t.co/DwJsWmrRjN #Earthquake
_xxgail, Sapphire Blue World ,2019-12-16 08:56:23,,"@wings_gyu @adorekyu hello, an earthquake happened in philippines and a lot of buildings collapsed"
sansarnews1,,2019-12-16 08:54:52,,Southern Philippines hit by 6.8 magnitude earthquake - Sansar News https://t.co/837UJYlYs4
myedgeprop,Mutiara Damansara,2019-12-16 08:53:25,,"Philippines earthquake: No Malaysians affected, says Wisma Putra #myedgeprop https://t.co/mhwSTvOz9n https://t.co/swV1wWhzOb"
GenaroGeneta,Manila,2019-12-16 08:53:21,,Four large quakes in two months jolt southern Philippines | https://t.co/GE9OLxaG3N https://t.co/x8OGnoGWfi
swimmsolutions,"Winter Garden, FL",2019-12-16 08:51:29,,Swimming pool shakes violently during Philippines earthquake - Yahoo News https://t.co/2WJTgrUd6k
Flash_Feed,USS Top Gun Feed World Wide üá∫üá∏ü¶Ö,2019-12-16 08:49:07,,"""Strong Earthquake Hits the Southern Philippines"" by BY JASON GUTIERREZ via NYT New York Times https://t.co/xqB6q4ffLN"
MelaniePutz,"Pitt Meadows, BC Canada",2019-12-16 08:48:56,,"""At least two people found dead in supermarket rubble after strong earthquake in the Philippines""  https://t.co/Oheda2k9Yk"
Sarah_Zeta01,,2019-12-16 08:48:24,,"""Strong Earthquake Hits the Southern Philippines"" by BY JASON GUTIERREZ via NYT New York Times‚Ä¶ https://t.co/7MDgsdZxC9"
KelbenMedia,"Lagos, Nigeria",2019-12-16 08:48:12,,Terrifying moment an electrical transformer EXPLODES as a 6.9 magnitude earthquake hits the Philippines https://t.co/Sddu5xDQju
LawrenceOkoroTL,Nigeria,2019-12-16 08:47:42,,"The should also question him for his links with the earthquake in the Philippines.
No be only Boko Haram and Shiite‚Ä¶ https://t.co/Hmx2eticlc"
republic,"Mumbai, India",2019-12-16 08:42:40,,"Philippines earthquake: Death toll reaches 4, several injured https://t.co/TWW82WPBXa"
riodecinar,"Davao City, Davao Region",2019-12-16 08:40:59,,Four large quakes in two months jolt southern Philippines | https://t.co/WhLnbmjfJY https://t.co/fSJDy0LtDh
KhmerTimes,"Phnom Penh, Cambodia",2019-12-16 08:40:03,,"A powerful earthquake hit the southern Philippine island of Mindanao yesterday, killing a child and damaging buildi‚Ä¶ https://t.co/StoOOORkSF"
bawabaaenglish,Oman,2019-12-16 08:39:07,,"FATAL EARTHQUAKE MEASURING 6.8 MAGNITUDE STRIKES PHILIPPINES
#BawabaaNews https://t.co/0GsfdST22n"
huseyintopuz43,,2019-12-16 08:39:07,,There was an earthquake in the Philippines. Dear Filipino Facebook friends get past I say
NetInthe,Munich,2019-12-16 08:38:33,,Death toll rises in southern Philippines earthquake https://t.co/EQ19LrM7mm https://t.co/hpgNcjrUpH
huseyintopuz43,,2019-12-16 08:35:08,,There was an earthquake in the Philippines. I wish my dear Filipino Facebook friends get well.
poandpo,World,2019-12-16 08:35:07,,Philippines jolted by 6.8-magnitude earthquake https://t.co/vGJK58AUMB #News https://t.co/eQQT8822Zi #751
JPTheDon26,NYC üá™üá∏üá∫üá∏üá®üá¥,2019-12-16 08:33:42,,At least two people found dead in supermarket rubble after strong earthquake in the Philippines  https://t.co/7bKOGVXSaP
GrovelandJohn,"Groveland, IL",2019-12-16 08:33:20,,"Powerful Earthquake And Swarm Hits Philippines, Yellowstone Hit by M3.8 ... https://t.co/uiA1hq7esi via @YouTube"
rosalbamancu,Italia,2019-12-16 08:31:31,,"Too many earthquakes in the worldüò¢üò¢üò¢
The latest weeks have been marked by awful earthquakes.
Sudden and violent sei‚Ä¶ https://t.co/U5lLRfPrg3"
euronews,Europe,2019-12-16 08:30:20,,A six-year-old girl died after a wall collapsed on her during a powerful earthquake on Sunday #Philippines https://t.co/Vi8moA3Ry6
wjxt4,"Jacksonville, Fla.",2019-12-16 08:30:00,,"A strong earthquake jolted the southern Philippines, killing at least one person and causing a three-story building‚Ä¶ https://t.co/kaD6SV4ojV"
lindolmo,"Quezon City, Philippines",2019-12-16 08:29:23,,"Earthquake Info from USGS - M 4.5 - 215km SE of Tabiauan, Philippines https://t.co/GMHrK5TbRX"
